,Date,Month,Year,Quarter,Time Of Day,Primary Keywords,Secondary Keywords,Long-Tail Keywords,Location,Social Media Source,Media Type,Device Type,Organic_Traffic,Keywords_Ranking,Clicks,Impressions,CTR (%),Average_Position,Backlinks,Domain_Authority,Bounce_Rate (%),Pages_per_Session,Organic_vs_Paid_Traffic_Split (%),Organic_Traffic_Growth_Rate (%),Conversion_Rate (%),Goal_Completions,Average_Session_Duration (sec),New_vs_Returning_Visitors (%),Exit_Rate (%),Top_Landing_Pages,Keyword_Difficulty,CPC_for_Paid_Keywords ($),Indexed_Pages,Mobile_vs_Desktop_Traffic_Split (%),Organic_Revenue ($),Page_Load_Time (sec),Core_Web_Vitals_LCP (sec),Core_Web_Vitals_FID (ms),Core_Web_Vitals_CLS,Social_Shares,Referral_Traffic,Technical_SEO_Errors,Bounce_Rate_by_Device_Mobile (%),Time_to_First_Byte_TTFB (ms)
0,01/01/2020 00:00,January,1764.633111,Q1,Night,eco-friendly accessories,eco-friendly hiking gear,eco-friendly clothing for hikers,Mexico,Pinterest,Blog post,Mobile,6753.434742,70.97692497,1886.495189,35682.57266,2.782956111,40.44991668,181.6682277,37.23539933,37.59552233,4.722870718,47.62999576,32.01564808,5.747691897,206.7757268,189.4849383,40.61652856,9.042637244,Category Page,57.49478368,5.137511066,2686.84852,64.28587403,3131.431506,2.486999048,2.280841872,378.083018,0.245575959,205.660436,2480.67781,11.01968959,42.01897955,395.4968541
1,01/01/2020 01:00,January,1752.608361,Q1,Night,eco-friendly accessories,eco-friendly hiking gear,biodegradable outdoor clothing,Mexico,Twitter,Infographic,Laptop,5500.08864,39.82685517,2455.017707,13095.83618,1.269810109,25.98972863,761.4619836,60.47640303,32.44990529,2.54816125,85.88021341,12.31142693,2.945941275,115.0210812,471.0955347,36.8111525,37.21774789,Homepage,36.88847514,6.479919069,1543.092135,78.3386013,5130.462086,3.579866333,3.670933353,724.7715011,0.157635014,364.6723491,1678.22137,16.55867536,50.3147892,389.2378096
2,01/01/2020 02:00,January,1714.289068,Q1,Night,vegan leather handbags,sustainable activewear,sustainable fashion for athletes,Australia,Instagram,Video,Laptop,1655.330149,82.08896865,2592.011173,24042.20045,2.799171532,29.62465789,152.7532504,34.73720853,44.72390638,3.278055427,61.47561566,5.052074616,10.58809672,86.81695968,78.23088886,68.94997605,13.60415552,Homepage,65.53154511,4.633839062,3979.34125,50.34347945,987.6512113,8.307518034,3.446511182,315.7574154,0.467696528,325.206066,2718.16691,5.802606908,41.11890076,943.6653838
3,01/01/2020 03:00,January,1700.401619,Q1,Night,organic cotton apparel,eco-friendly sportswear,where to buy recycled polyester running shorts,Mexico,TikTok,Product page,Desktop,5470.098387,66.24953173,2503.412146,2608.52112,0.814367399,27.59299492,489.2949205,47.16930808,13.95912999,7.676195875,45.96496375,-4.877751361,3.534202153,377.4021376,85.06791035,51.24886406,31.48440629,Blog Post,49.49886716,1.849577582,633.0726439,57.83568556,1003.307825,4.10251939,1.231582605,716.5157565,0.194108274,111.2097006,2725.341935,5.931708589,44.84747942,997.8208992
4,01/01/2020 04:00,January,1740.788439,Q1,Night,organic cotton apparel,sustainable activewear,eco-friendly clothing for hikers,Germany,YouTube,Image gallery,Laptop,7481.353571,70.23563271,280.8586665,22327.51495,6.820306267,8.487777966,639.426694,11.66541896,66.75719527,3.572266579,50.76131297,33.27703219,6.520685861,107.1543564,151.8223412,60.59298152,22.87168368,Homepage,45.65844961,2.997371815,1317.251937,44.82822151,567.17067,1.586656191,3.027245352,436.1610099,0.216596888,20.44883753,1371.173591,12.31917297,55.68596613,276.1324154
5,01/01/2020 05:00,January,1717.196649,Q1,Night,recycled fabric dresses,eco-friendly sportswear,biodegradable outdoor clothing,United Kingdom,Snapchat,Blog post,Desktop,3630.97792,64.72351093,1367.07786,21330.14947,6.70516136,40.99861711,665.5623042,46.48080444,63.97564134,2.888782463,55.81331379,9.338271395,1.851562686,134.523599,233.1684523,38.62373878,21.67671512,Blog Post,31.94302868,7.920554876,510.8782361,53.11254139,7461.207649,6.455181826,1.785264175,274.5262098,0.189033706,187.4813942,2057.590238,9.188551725,48.37998765,864.5022782
6,01/01/2020 06:00,January,1791.243208,Q1,Morning,organic cotton apparel,athleisure for eco-conscious consumers,carbon-neutral activewear,Canada,TikTok,Video,Mobile,8186.190399,22.13936339,313.3772181,39087.11663,3.030481291,16.40144812,776.5524482,71.48361308,43.12735758,6.501323779,69.42841589,2.531255231,11.81634152,267.3610291,234.7667402,45.42158859,34.4486219,Homepage,64.40546667,1.292581008,430.7877934,73.56913987,769.2981909,4.240386189,2.539527744,377.943909,0.613849456,227.3088345,1669.082195,15.36834773,32.86460638,587.2449363
7,01/01/2020 07:00,January,1634.03116,Q1,Morning,eco-friendly accessories,green fashion trends,best organic cotton t-shirts in the US,United States,Instagram,Video,Tablet,4444.413992,50.08356913,122.7900497,10065.07418,4.932819838,7.590724127,345.343043,28.57558418,33.60257672,3.700727813,80.6454396,2.619879165,10.2035618,174.4767994,165.8876436,39.1413745,30.8133026,Blog Post,44.11435471,7.11229811,2791.917582,53.69031843,7176.487844,8.664733863,1.149937035,780.7116051,0.619144837,60.93673938,1481.379046,0,9.829225623,585.8332857
8,01/01/2020 08:00,January,1672.647658,Q1,Morning,sustainable outdoor gear,green fashion trends,where to buy recycled polyester running shorts,United Kingdom,Snapchat,Video,Laptop,3522.795563,81.27037244,2254.566554,21609.39614,8.058794647,2.845792617,579.4421693,49.6364588,17.62601638,2.538268915,71.26652272,26.55595853,0.535064798,259.8274822,175.5556893,40.84422019,26.68657453,Blog Post,56.78934185,0.603519399,3408.430534,52.43761264,492.7053724,4.874130422,4.077698197,362.3308521,0.77553909,36.57720899,2118.826181,6.500377664,50.5819218,665.7718827
9,01/01/2020 09:00,January,1657.528169,Q1,Morning,organic cotton apparel,ethical fashion brands,eco-friendly clothing for hikers,Germany,YouTube,Video,Tablet,2089.096303,0.872913413,1233.100777,22811.76177,5.877985884,36.27812477,255.5463191,9.452435357,15.06813546,4.198466826,66.12486662,33.66232875,4.100165751,323.5464454,179.9299658,51.22987941,30.26387332,Blog Post,65.63127572,7.381999347,2584.861595,66.26218058,4242.435392,5.671573192,2.335561418,735.6659089,0.122215568,315.7745477,1690.683644,16.02576687,35.15662728,232.6803434
10,01/01/2020 10:00,January,1697.93916,Q1,Morning,sustainable outdoor gear,green fashion trends,carbon-neutral activewear,Germany,Snapchat,Product page,Mobile,5964.737201,39.29488398,1427.880541,13010.27449,5.599097487,23.41179954,391.1285658,76.55314641,65.28935919,3.0150527,57.57193525,10.03952641,7.683067351,268.213181,459.0991822,38.9825606,24.35549257,Blog Post,45.31753418,0.481035814,3787.849536,71.56280756,6848.861899,6.852645159,1.699770001,428.9123834,0.460433903,333.4511895,3246.374275,2.646648005,29.72929139,747.3177739
11,01/01/2020 11:00,January,1697.926817,Q1,Morning,eco-friendly accessories,ethical fashion brands,where to buy recycled polyester running shorts,United Kingdom,Snapchat,Image gallery,Laptop,6650.678035,63.7472525,1581.400248,7330.890897,7.995167533,17.5645428,124.136972,26.00417719,54.20956591,3.082244122,66.06446143,25.63469044,6.69231822,276.1254595,281.9712539,56.41963717,28.8431543,Product Page,50.28761347,8.373052033,3096.4612,52.31800683,2419.321333,8.352537009,2.210067434,174.3972783,0.54641223,252.9000391,3681.939569,2.431357042,32.45637764,406.7429586
12,01/01/2020 12:00,January,1633.963255,Q1,Afternoon,sustainable outdoor gear,green fashion trends,carbon-neutral activewear,Canada,Facebook,Shorts,Mobile,1165.616006,32.50954189,2010.216613,37338.18337,4.118728073,17.95485627,165.459585,25.25433712,35.76417375,5.259007265,57.62865904,25.78377823,2.30901498,82.57964826,50.33740358,63.67815908,13.21081239,Product Page,17.12480098,4.400371437,765.7961031,49.78321556,6509.031162,3.627176268,2.510819483,718.1513833,0.169497848,152.1283134,1656.94191,10.20626284,19.69514372,507.3362578
13,01/01/2020 13:00,January,1683.808957,Q1,Afternoon,vegan leather handbags,athleisure for eco-conscious consumers,eco-friendly clothing for hikers,Australia,Pinterest,Infographic,Mobile,2178.226829,83.75066387,2061.962643,22097.04635,8.06711918,25.6323103,396.4010943,24.47175236,28.26031323,1.479937944,65.66367125,30.32420525,0.69461467,194.3305265,138.3459961,39.7137735,9.175386108,Category Page,49.53013606,2.129792327,2017.238263,47.07916405,109.4007735,3.154300387,1.376354677,317.8506492,0.414917178,338.1587373,1617.890881,4.987232818,43.47543963,519.4358549
14,01/01/2020 14:00,January,1662.101418,Q1,Afternoon,eco-friendly clothing,eco-friendly hiking gear,best organic cotton t-shirts in the US,Canada,Snapchat,Product page,Laptop,2773.909124,30.06470716,371.0116277,13301.57858,1.187417683,17.87807319,628.2825017,58.48811684,38.21940643,5.255686356,54.49005828,31.55938095,11.94166066,353.6149503,221.8657927,45.14287681,32.34786686,Homepage,71.86531266,6.81941854,1325.892194,70.42425804,6880.749087,3.435766139,3.221568555,189.1190543,0.547478744,307.2157618,2871.285035,3.460984246,21.6740493,660.271073
15,01/01/2020 15:00,January,1744.458097,Q1,Afternoon,vegan leather handbags,sustainable activewear,carbon-neutral activewear,Canada,Pinterest,Shorts,Desktop,7448.348694,66.27851151,1998.260391,16810.41754,2.444157397,3.778800923,66.29517212,54.72511297,21.29250522,5.435366533,59.44215201,21.08096467,3.499755028,301.2996528,79.48758655,59.86029425,21.79897472,Category Page,45.39579781,4.391983838,1040.629236,44.54418361,3229.039783,4.834466969,2.665688841,834.4073766,0.583045653,324.8059654,743.7219572,15.69801828,24.12729956,92.1074614
16,01/01/2020 16:00,January,1775.628954,Q1,Afternoon,recycled fabric dresses,eco-friendly sportswear,best organic cotton t-shirts in the US,Australia,YouTube,Blog post,Desktop,1933.290488,72.77259716,2118.356055,15452.34369,7.366070531,13.6875958,287.990646,27.23251296,43.35859638,5.821049947,54.61578109,37.12759675,1.137213759,394.3905665,311.6190538,39.62236985,12.18996931,Homepage,68.85621124,7.845639712,1555.540191,73.45403018,3280.592425,2.961361534,3.635268321,188.377499,0.704746834,114.2257086,3570.843958,14.90677454,40.13829894,487.6237328
17,01/01/2020 17:00,January,1676.268181,Q1,Afternoon,eco-friendly accessories,green fashion trends,where to buy recycled polyester running shorts,Mexico,Instagram,Shorts,Laptop,8329.362064,60.77567733,724.6847227,4141.774258,4.898444559,15.53964996,802.2303261,58.25282184,52.53319314,7.276778549,51.89194739,41.87549515,1.03728967,22.72703851,371.537425,61.52450679,13.43592629,Homepage,56.79872137,2.646132836,2179.649922,56.91835107,4936.466339,8.089299389,3.979588403,411.1648296,0.163729827,50.60309761,1975.575285,4.895343242,18.30726503,1259.111791
18,01/01/2020 18:00,January,1677.178485,Q1,Evening,eco-friendly clothing,green fashion trends,carbon-neutral activewear,United States,Snapchat,Infographic,Tablet,3382.255693,41.51719377,674.3473608,2719.837899,5.861494189,2.812641806,103.4515934,24.9513475,45.03918887,1.499341823,76.53457103,43.61275621,9.067438309,159.5216929,266.8360309,40.8042447,39.58067732,Product Page,50.73644232,8.016610983,2752.318024,66.51126201,4622.256278,7.453436462,4.04985567,131.0666016,0.465038302,207.9028004,52.95723514,3.517939534,35.01468225,435.1263805
19,01/01/2020 19:00,January,1723.755601,Q1,Evening,organic cotton apparel,eco-friendly hiking gear,eco-friendly clothing for hikers,United Kingdom,YouTube,Blog post,Desktop,1951.269476,31.80821196,2465.698655,16530.04985,6.060565153,28.64184326,788.9542037,19.1011162,43.87371933,6.042832442,44.34198565,28.20076357,8.576162528,376.4816762,142.5132044,67.09043001,36.40443615,Homepage,13.33092806,5.780313341,1438.968764,58.61690549,751.8058597,4.544580212,2.074405785,313.9642233,0.766172085,275.1593904,2441.35371,14.19813355,16.56819719,1083.597568
20,01/01/2020 20:00,January,1691.790664,Q1,Evening,sustainable outdoor gear,sustainable activewear,carbon-neutral activewear,Germany,Pinterest,Shorts,Tablet,6798.770036,47.27870555,733.8324993,35539.41138,7.486547039,19.71580301,115.5634316,16.42336084,46.22945592,2.575083619,70.13745526,25.25669788,0.544523862,409.4763555,75.64601835,54.32911016,39.86042538,Homepage,30.27784203,3.662846943,1423.944628,60.94114681,3145.417458,8.087557505,2.22749406,204.6323382,0.250295166,365.2604806,1945.775054,9.290368993,56.25763195,225.5202546
21,01/01/2020 21:00,January,1673.820975,Q1,Evening,recycled fabric dresses,sustainable activewear,biodegradable outdoor clothing,Australia,Instagram,Shorts,Desktop,3018.419468,49.04436358,1316.079759,21337.54113,4.513442373,32.07376147,517.7207751,9.709266761,38.77648738,4.248016844,78.15091414,32.45660607,5.203040959,135.1299809,472.5701852,47.96965598,11.99796791,Category Page,49.42876504,7.907741096,2987.985067,52.01405667,8378.351092,7.497162434,1.66592486,856.212924,0.632039134,191.8561088,1358.664914,8.498616733,35.95030006,386.391558
22,01/01/2020 22:00,January,1765.250646,Q1,Evening,eco-friendly accessories,eco-friendly hiking gear,where to buy recycled polyester running shorts,Mexico,Snapchat,Image gallery,Laptop,8491.760584,33.67802384,2143.191804,1929.317766,4.547196186,9.157336921,220.0136657,64.15350123,17.23485308,6.527253257,47.36621628,39.21740614,3.349868768,245.6334071,187.327398,56.45088321,25.74216851,Homepage,46.78716356,0.597314307,1398.583769,65.69501726,3706.833518,7.890051524,2.405365836,369.125598,0.326572322,377.2020978,2062.136043,13.16602921,37.34068239,462.3182337
23,01/01/2020 23:00,January,1656.768851,Q1,Evening,recycled fabric dresses,eco-friendly hiking gear,biodegradable outdoor clothing,United States,Instagram,Blog post,Tablet,5435.29613,66.44031619,2285.283316,28788.09256,1.04067796,39.49967329,45.22706277,52.44956294,56.96057812,5.169412203,51.09533942,13.94155597,8.522898726,41.77768893,381.891558,45.6994462,19.32472215,Product Page,14.71365669,6.716660517,1641.507235,45.8566216,7718.655089,7.648643201,3.194311906,227.7274154,0.601583862,314.5963717,218.2957181,9.409812029,24.51594761,284.1431549
24,02/01/2020 00:00,January,1787.373846,Q1,Night,organic cotton apparel,ethical fashion brands,best organic cotton t-shirts in the US,Australia,Facebook,Video,Tablet,376.0124158,77.55963491,1556.94543,32896.53492,7.909183725,9.183764422,784.6298991,71.41782844,27.32163515,6.943576932,82.00869963,4.870527383,11.64505524,52.13992765,102.5177178,67.68698549,34.3711352,Blog Post,62.48537825,6.90753668,1611.341282,61.96718221,3830.246608,2.004544868,1.300165753,442.3426093,0.140015395,271.3367735,2685.288369,16.78506856,38.0297378,515.3509935
25,02/01/2020 01:00,January,1715.54522,Q1,Night,organic cotton apparel,eco-friendly hiking gear,where to buy recycled polyester running shorts,Canada,Pinterest,Product page,Tablet,3914.922598,72.60774897,52.91278997,38491.95301,5.398219678,15.24496083,277.5662507,31.27837669,13.29334418,4.906757992,82.04224613,23.90840918,3.079363384,314.9088525,467.9918272,64.53784709,37.20225722,Blog Post,72.88363315,5.942671473,2917.643658,63.44440005,5061.367682,2.569056029,2.641061889,614.5632508,0.709054977,157.9109866,485.1137188,6.025528042,23.14869067,118.0467009
26,02/01/2020 02:00,January,1646.395778,Q1,Night,recycled fabric dresses,eco-friendly hiking gear,where to buy recycled polyester running shorts,Mexico,Facebook,Image gallery,Desktop,2541.175277,12.42904733,925.7349121,31993.24784,4.552535041,44.223587,394.9131511,70.22518698,37.31083527,8.681677621,64.22183347,-6.466184148,10.21380567,112.9641397,147.7946018,60.32601546,26.44565213,Product Page,68.32128061,2.799201656,588.3011389,72.65312511,5134.407634,7.013920663,3.45686324,709.7569131,0.360214122,114.3651905,313.4554585,2.649261095,32.7077535,82.72983931
27,02/01/2020 03:00,January,1734.258565,Q1,Night,sustainable outdoor gear,ethical fashion brands,best organic cotton t-shirts in the US,Australia,TikTok,Shorts,Tablet,5959.781839,52.42648115,385.1707193,3063.627252,0.601381271,24.71665936,439.8998306,67.50147716,21.16236671,2.953009152,69.93773158,9.867248431,0.891085092,428.8487757,325.1580792,56.02786563,17.09446968,Homepage,64.35557305,1.558449758,2574.436572,62.12968495,6231.187735,6.908817894,3.961403788,456.7212258,0.41344603,37.41508692,1772.848851,0.868963679,13.59108386,656.755897
28,02/01/2020 04:00,January,1727.010828,Q1,Night,sustainable outdoor gear,green fashion trends,carbon-neutral activewear,Mexico,Snapchat,Product page,Desktop,666.0883575,85.80779058,2190.715481,4656.978701,2.423906916,29.89291764,658.1811907,41.38447198,68.34489207,7.391787063,58.87361842,4.73011919,7.797274159,268.3152307,163.8017026,68.85248134,20.13834947,Product Page,55.49815878,6.573101204,635.4387394,65.59207051,3538.162113,2.107166598,2.926540204,501.3425217,0.290595509,193.5650768,3642.254479,15.28795075,27.74566682,882.6508892
29,02/01/2020 05:00,January,1735.950841,Q1,Night,organic cotton apparel,athleisure for eco-conscious consumers,biodegradable outdoor clothing,Germany,Facebook,Video,Laptop,3172.236404,76.22722862,1976.918236,19590.41923,2.556953089,28.408813,569.8629519,29.12115076,35.4434397,3.132429218,55.31235098,31.91841077,5.69253553,270.0702074,313.4213059,37.70537774,38.99798478,Category Page,16.62196681,3.938215886,1527.766582,57.00293364,1290.464691,1.156306007,1.388070602,386.1645689,0.71427972,46.82531713,1174.874114,16.57445655,52.57481163,607.1274912
30,02/01/2020 06:00,January,1704.666146,Q1,Morning,sustainable outdoor gear,sustainable activewear,sustainable fashion for athletes,Canada,Snapchat,Shorts,Mobile,6269.100625,17.35163367,238.4754045,30388.24795,4.487546293,7.340173436,101.100864,52.06125834,56.55232747,4.624275753,78.13265597,1.596407199,2.037656324,202.0111511,164.3134025,45.4163125,9.478164498,Product Page,35.5013422,2.707161358,2603.96472,46.60154766,5727.870982,4.276670038,2.800508985,142.7756145,0.825613787,242.3403919,3302.917992,8.36880852,16.21376373,497.8417757
31,02/01/2020 07:00,January,1768.982437,Q1,Morning,sustainable outdoor gear,eco-friendly sportswear,biodegradable outdoor clothing,Canada,Pinterest,Product page,Laptop,2215.360453,4.237177809,1403.123123,11713.80098,1.77280034,36.89256296,652.499253,65.8833676,17.64282766,7.419247345,50.02883457,6.491301114,12.39028686,344.7318088,88.87927405,50.85082396,24.36756351,Homepage,12.59085876,4.003035258,3136.898003,74.99629161,4088.864538,5.354552977,1.023009515,266.0513871,0.765489536,271.1950618,827.6533404,12.56774579,59.17987687,580.934163
32,02/01/2020 08:00,January,1748.564149,Q1,Morning,eco-friendly clothing,green fashion trends,biodegradable outdoor clothing,Mexico,TikTok,Image gallery,Mobile,8327.393194,68.74305909,1766.671023,15792.12694,5.625689564,9.250931134,143.0909308,8.210929974,45.52368929,6.462786879,76.2609601,25.50507538,12.2177524,258.0463307,389.7488051,65.84369021,27.94749553,Blog Post,59.31813128,4.297178656,2639.376921,73.10098584,2333.767879,3.301920179,1.008595101,449.7205435,0.322709385,209.7245211,1081.199903,13.04310594,11.98365226,1080.370126
33,02/01/2020 09:00,January,1704.040821,Q1,Morning,eco-friendly clothing,eco-friendly hiking gear,best organic cotton t-shirts in the US,United Kingdom,Facebook,Shorts,Laptop,6116.830358,56.2845816,2514.041063,1614.552813,5.6772237,33.523067,288.8168636,68.55433591,11.59695049,1.86113485,57.25740784,21.6213852,7.532003839,19.40467846,423.945823,50.55331567,42.26348786,Homepage,37.8332986,5.99944893,3982.847813,49.38626231,562.9885382,1.783122462,1.9983144,755.9523276,0.683427578,380.623175,3311.584119,4.374735696,13.07323445,399.4950632
34,02/01/2020 10:00,January,1704.334832,Q1,Morning,eco-friendly accessories,athleisure for eco-conscious consumers,where to buy recycled polyester running shorts,Mexico,Instagram,Shorts,Laptop,2408.755543,24.84704126,1309.639883,21367.08376,5.080027259,39.48122342,202.0247487,8.112946004,31.49832466,1.612013843,58.45305997,7.452648448,4.495997152,27.40538728,98.01259771,59.23836892,26.48510071,Product Page,49.97190739,0.809541356,2147.587146,43.22468286,2910.39013,5.444414727,1.63931383,129.3070019,0.861636752,193.6279577,1177.244739,9.379337325,28.54397056,683.5687791
35,02/01/2020 11:00,January,1782.096988,Q1,Morning,eco-friendly accessories,athleisure for eco-conscious consumers,sustainable fashion for athletes,Mexico,Twitter,Product page,Desktop,6009.802388,72.26917132,1929.418203,41365.16227,7.927455198,5.213463911,262.6408711,21.26235218,31.01826536,3.898187651,47.87258744,2.695111434,9.675806892,118.6638181,148.345581,40.83596685,29.85575005,Category Page,14.38132598,7.772973371,1199.745051,54.05224544,7221.276564,5.698499353,2.630088194,689.4113846,0.299412617,259.4386974,2116.538693,9.733714045,54.15415266,169.6148395
36,02/01/2020 12:00,January,1673.781597,Q1,Afternoon,vegan leather handbags,athleisure for eco-conscious consumers,best organic cotton t-shirts in the US,Australia,Snapchat,Infographic,Desktop,4399.281946,9.58908526,1058.460123,15143.16275,7.216857854,7.126814814,768.3799161,71.13149204,63.5283307,4.96227447,70.06724933,28.03547779,3.216514166,76.90856883,219.893453,47.14197337,10.33768953,Product Page,27.4424638,0.778818166,4226.867171,73.47077734,6396.39548,4.793300568,3.144876772,539.2414295,0.115166978,240.5608308,1997.872999,3.260197713,44.63840595,870.4096707
37,02/01/2020 13:00,January,1745.819237,Q1,Afternoon,sustainable outdoor gear,athleisure for eco-conscious consumers,carbon-neutral activewear,United Kingdom,TikTok,Image gallery,Desktop,3764.235384,60.51442759,1442.644404,6172.672436,3.011507049,41.70300553,726.5874379,66.69460245,66.79295614,2.502160194,78.54420873,12.91450065,3.510431644,349.5288041,358.7233464,60.40198582,13.9071256,Blog Post,70.50801019,0.711436377,2630.723928,59.77023488,857.4963002,6.792076022,3.498982819,541.277956,0.793438348,84.85117814,3467.593066,9.419956125,44.6492528,573.4240185
38,02/01/2020 14:00,January,1686.267151,Q1,Afternoon,sustainable outdoor gear,eco-friendly hiking gear,biodegradable outdoor clothing,Australia,Twitter,Blog post,Tablet,249.5579043,19.40108842,2146.992582,38311.63229,6.633132794,17.52426534,775.3752098,48.07167431,51.32335067,8.196723316,63.11006447,19.53392938,2.791609489,233.877605,315.7780209,47.81988992,38.81907118,Homepage,62.10900033,4.19500909,1502.680155,74.64363769,4481.522281,4.629272812,1.779722676,439.3104113,0.813361853,98.5857703,1075.389959,0,12.23406032,1193.999169
39,02/01/2020 15:00,January,1787.774288,Q1,Afternoon,eco-friendly clothing,green fashion trends,eco-friendly clothing for hikers,United States,Instagram,Video,Laptop,4519.31895,43.77037307,374.3054214,29109.42446,0.685269464,3.194400733,678.9374965,61.74506802,65.06024898,0.915213071,73.25685167,29.71910652,6.432921852,101.4325163,354.9452522,62.77172172,17.71454725,Category Page,54.49355062,3.549782006,3343.425931,58.13369219,2736.770714,1.025815059,2.303924371,375.6854742,0.869138515,404.8794297,3604.334759,15.93245778,26.08778213,713.3886822
40,02/01/2020 16:00,January,1793.773915,Q1,Afternoon,organic cotton apparel,ethical fashion brands,sustainable fashion for athletes,Canada,Instagram,Image gallery,Tablet,411.5538567,22.47173096,1815.928368,22356.90225,6.08784275,4.544689727,441.8931833,45.45549915,50.16686548,8.597603172,59.81450443,25.90704824,10.94374741,419.9376232,401.7757866,58.58549789,25.4416986,Blog Post,9.283549255,8.198332043,3239.306938,46.4076182,7896.400405,1.451057593,1.882733799,834.6295696,0.654957504,199.4535145,1567.568469,14.70977674,53.63836051,768.3911271
41,02/01/2020 17:00,January,1673.108161,Q1,Afternoon,eco-friendly accessories,sustainable activewear,biodegradable outdoor clothing,Germany,Facebook,Image gallery,Desktop,5471.373531,75.66092338,533.2753892,26232.19919,2.116283804,18.59768276,541.4290546,71.07698589,28.03858255,1.324890683,65.80283035,36.91392328,1.878521125,197.2242271,299.8701134,35.92562799,9.564423896,Category Page,67.66472191,6.773932201,1911.223956,54.97708532,1007.170641,7.940123096,1.976577171,863.4848015,0.622503094,177.9410462,408.883005,7.586843391,8.958403492,441.5609179
42,02/01/2020 18:00,January,1680.794429,Q1,Evening,eco-friendly accessories,eco-friendly hiking gear,sustainable fashion for athletes,United Kingdom,TikTok,Image gallery,Laptop,1588.322454,71.62059265,2408.900337,1619.556466,2.36400935,16.82959858,529.4606662,67.18025415,58.29587132,1.390838792,75.62084176,35.77006773,11.75916321,209.1945609,170.9397325,48.55573351,10.86674077,Category Page,66.02313131,0.638841082,3463.072513,62.30763387,4995.025176,1.619110272,2.781851213,363.3567373,0.343028911,67.567525,3802.106497,7.842418136,39.42362511,1164.00221
43,02/01/2020 19:00,January,1646.411646,Q1,Evening,eco-friendly clothing,green fashion trends,eco-friendly clothing for hikers,Mexico,TikTok,Image gallery,Tablet,4746.950112,67.74479455,419.4501448,19607.70103,5.684996765,13.65264395,432.4395406,72.66271419,29.57964085,4.07546103,75.85239412,43.06067105,3.270656544,147.2045784,42.01830207,55.94382874,9.315126943,Product Page,71.56501303,6.746818572,3427.51896,74.70117274,3098.181651,7.338018849,1.529624383,446.5215152,0.741882058,325.5909084,3692.805395,7.128839363,32.04236554,536.0686714
44,02/01/2020 20:00,January,1675.093989,Q1,Evening,vegan leather handbags,athleisure for eco-conscious consumers,where to buy recycled polyester running shorts,Canada,Instagram,Product page,Desktop,7885.839477,8.707371617,1550.206158,14468.26945,4.763029499,18.59200423,364.6348334,28.43485689,31.13043297,3.763066563,76.52930819,5.735305084,4.25347399,293.7447849,211.7068995,53.80598817,37.45729402,Homepage,33.11410472,7.78788815,1551.543555,57.62324284,5082.816979,2.713424232,3.069575753,113.571482,0.545942152,335.8893037,1989.912202,5.270136007,23.75896525,599.9111112
45,02/01/2020 21:00,January,1791.988505,Q1,Evening,eco-friendly clothing,athleisure for eco-conscious consumers,best organic cotton t-shirts in the US,Australia,Twitter,Product page,Laptop,2039.305924,64.33489833,1965.734317,1734.9393,6.893460666,1.687490637,797.0216101,21.40061908,38.87516746,7.635632983,55.68603664,7.394182696,11.26253698,19.62893462,177.5916321,65.95648885,12.10792823,Homepage,30.6350484,1.046979821,2101.756131,58.65035714,1321.097332,7.398999128,4.22226218,249.0010808,0.674579017,45.31877068,2759.370662,5.696879601,40.29730793,748.5442073
46,02/01/2020 22:00,January,1779.164551,Q1,Evening,vegan leather handbags,eco-friendly hiking gear,sustainable fashion for athletes,United Kingdom,Pinterest,Product page,Desktop,3791.249992,52.36231741,971.4174132,32007.40779,5.034849446,1.816294124,61.97474109,57.3031142,14.82625232,5.770454758,77.54233568,1.823385444,0.613071402,37.09920821,260.0997422,44.61679146,13.79955517,Blog Post,28.42819835,6.283580853,1918.757745,72.97682495,4989.069898,1.59843651,2.410295704,327.1080619,0.083198735,212.4905332,1949.136393,8.178379056,15.93502397,603.679345
47,02/01/2020 23:00,January,1732.243627,Q1,Evening,sustainable outdoor gear,eco-friendly sportswear,biodegradable outdoor clothing,United Kingdom,YouTube,Video,Tablet,5760.608196,24.00533982,1856.408919,27628.2607,6.644708412,5.361960158,488.0730677,35.85209687,62.10830425,0.92147041,51.99638408,7.322222168,1.512849006,400.038969,352.7298375,40.30445586,42.44488864,Homepage,52.43495671,6.057094009,2735.67572,64.54384308,8091.373023,6.274800848,1.459740112,541.5252946,0.786523104,101.4898395,569.938432,0.844136633,16.69103792,1115.086743
48,03/01/2020 00:00,January,1775.890077,Q1,Night,recycled fabric dresses,ethical fashion brands,eco-friendly clothing for hikers,Germany,Facebook,Infographic,Desktop,5991.028549,37.64704885,1481.04815,32918.02341,3.822884385,4.130453375,617.5397283,64.16207672,52.60183552,8.103257666,54.70024119,-1.668294212,5.203526269,363.3611659,435.0151014,67.78810589,25.79564178,Blog Post,48.22736925,2.805980359,3038.762134,69.23405078,869.485652,8.578390466,4.281132846,392.6935214,0.430495971,119.9413059,245.2682514,15.97097776,22.35716972,1262.131557
49,03/01/2020 01:00,January,1790.40945,Q1,Night,vegan leather handbags,athleisure for eco-conscious consumers,biodegradable outdoor clothing,Australia,YouTube,Blog post,Tablet,2180.116299,60.2540004,1864.992714,22548.16186,1.449148795,39.36964923,304.5259723,38.49435793,12.93796058,7.471382911,49.12607583,1.334384314,6.097426006,318.5740919,218.6499225,42.94136619,40.76238508,Product Page,34.48428489,1.686310411,3407.688004,60.96051953,614.9621445,4.227259435,1.302832448,456.3295502,0.593312168,300.0252054,3278.249456,15.77759354,33.1195522,325.6567128
50,03/01/2020 02:00,January,1660.64079,Q1,Night,eco-friendly accessories,athleisure for eco-conscious consumers,sustainable fashion for athletes,Germany,TikTok,Shorts,Desktop,3430.392228,21.95834265,2296.560672,39919.83065,4.315809121,2.730273298,698.7952341,62.7663183,49.75126232,1.886173084,41.46269773,-6.899993943,5.351838853,208.8049803,259.8329854,60.6304812,10.33988024,Category Page,8.64879597,1.894025918,2230.673232,50.19695845,8103.869575,6.804907688,0.960214223,200.4152433,0.378983024,211.7878737,1213.880139,4.045162252,10.19307171,884.7381824
51,03/01/2020 03:00,January,1798.396388,Q1,Night,vegan leather handbags,eco-friendly hiking gear,best organic cotton t-shirts in the US,Australia,YouTube,Shorts,Tablet,5129.24702,33.7495019,2241.502745,32176.84093,5.815361651,29.3051986,491.1499185,69.67896175,19.06867108,5.944126742,72.83064659,3.46366389,11.46322215,39.40964128,315.7032411,56.17595532,38.57844956,Product Page,48.76766649,7.123475954,1700.225868,46.75518923,637.8527164,6.97070225,2.9551474,159.4563943,0.507605743,5.919958572,2037.071189,14.18229631,18.26361615,1101.577757
52,03/01/2020 04:00,January,1644.655238,Q1,Night,recycled fabric dresses,sustainable activewear,eco-friendly clothing for hikers,United States,TikTok,Product page,Tablet,1957.760255,85.68778421,447.8410646,1017.930012,8.082609718,34.92601485,609.5896595,65.89472337,57.2986602,3.909558185,45.04186618,9.479102465,5.567026004,366.5153716,317.6662735,34.95620357,19.29301973,Homepage,51.996302,5.306731056,2426.973188,63.32501779,3650.189343,8.03268199,4.003241544,794.2385328,0.268907695,356.5988379,747.2607872,1.656081305,37.07551728,284.0074364
53,03/01/2020 05:00,January,1790.955732,Q1,Night,eco-friendly clothing,green fashion trends,sustainable fashion for athletes,Germany,Instagram,Shorts,Desktop,5098.791946,27.491194,1874.566372,16949.48432,8.233046786,9.313834192,348.4465016,60.29657407,56.92122725,4.777800201,71.58385284,-6.388236088,10.28266357,283.5972125,471.9186557,54.37957575,38.72664407,Product Page,8.406953046,8.579608934,1822.038507,66.36135084,2948.651709,6.667756404,4.192297024,803.5561162,0.737785274,135.3116688,3282.165544,5.808912216,34.02600217,358.5319177
54,03/01/2020 06:00,January,1635.613545,Q1,Morning,eco-friendly clothing,athleisure for eco-conscious consumers,eco-friendly clothing for hikers,Mexico,Facebook,Infographic,Desktop,4450.071404,27.72460634,1014.933915,22076.22764,5.223630871,2.3480343,56.10044204,72.01826548,26.20030522,5.74374578,66.44657206,39.98390291,9.987389259,18.4816391,482.6307494,52.55997059,9.743519927,Product Page,72.23806767,7.502921325,1280.54654,75.69640166,538.401117,6.027903281,3.103225683,742.9315627,0.459626119,214.131957,3064.228519,14.59373111,49.92801605,622.6463252
55,03/01/2020 07:00,January,1733.243387,Q1,Morning,recycled fabric dresses,eco-friendly hiking gear,sustainable fashion for athletes,Germany,YouTube,Infographic,Laptop,2249.724653,16.97720198,2591.776062,4572.409406,0.807221989,28.68548761,428.3710935,39.78001509,44.49886144,5.231191732,59.19489816,20.27822999,4.356378976,151.2890815,104.3837461,53.3899368,24.57062409,Homepage,33.79241853,5.816320959,1780.138799,64.76590931,7436.674498,6.710690484,3.851813035,485.5609006,0.467453642,83.46441006,3784.511323,4.084649471,21.94886234,650.3928701
56,03/01/2020 08:00,January,1669.293289,Q1,Morning,vegan leather handbags,eco-friendly sportswear,biodegradable outdoor clothing,Australia,Pinterest,Infographic,Tablet,6406.743353,61.03986485,550.4039879,23006.02197,2.562016559,3.997719174,273.7716167,74.66440387,10.16215652,6.655193346,68.04998144,3.782519202,10.14882746,9.693602177,99.62935878,49.00380549,28.66519753,Product Page,15.08472874,2.711959493,811.7857037,59.32074591,5564.455725,1.260494186,3.435140872,407.6853479,0.526689979,303.1244477,3027.926894,0,14.28024597,1112.784655
57,03/01/2020 09:00,January,1636.526326,Q1,Morning,eco-friendly clothing,athleisure for eco-conscious consumers,sustainable fashion for athletes,United States,Pinterest,Image gallery,Mobile,7278.867114,43.0798405,2365.876652,25134.32683,3.593600952,23.00324751,759.4634001,41.72897684,59.93931572,4.145247079,76.6234313,38.8476838,11.12663903,352.8300301,286.0897863,64.75512539,19.79897386,Category Page,62.54504626,7.771546494,3308.536235,58.66870275,1087.129036,7.182897367,1.031913533,282.4774187,0.747157291,214.5702012,2139.097255,7.553563228,34.64393517,520.2129878
58,03/01/2020 10:00,January,1635.329756,Q1,Morning,vegan leather handbags,eco-friendly sportswear,best organic cotton t-shirts in the US,United States,TikTok,Shorts,Tablet,3885.261541,11.05653568,1072.217889,31396.7812,5.804876048,36.14284844,475.5275191,65.42387056,40.0530299,5.845096632,80.5840041,-3.174057869,11.01678286,424.9130908,375.7791009,54.35003998,38.2673049,Blog Post,42.17721625,4.39558009,1505.366296,52.67113655,4430.627271,2.122035301,4.372774971,103.9734671,0.809526696,220.7527645,3927.653276,2.623636654,56.88070717,493.323605
59,03/01/2020 11:00,January,1710.298403,Q1,Morning,eco-friendly clothing,athleisure for eco-conscious consumers,best organic cotton t-shirts in the US,United States,YouTube,Shorts,Tablet,2001.577492,67.68337499,374.5777114,3776.765003,6.472686684,32.80531515,427.7963121,32.26563654,57.86609393,2.304053625,83.85452873,5.558683404,6.021217758,285.1616965,262.345743,58.41168459,21.91545149,Category Page,60.13625618,6.499052955,3113.13324,48.70594245,4484.556465,1.844396947,1.687921773,613.765188,0.191532473,231.1169843,3687.625244,7.753508025,9.74804488,409.8675941
60,03/01/2020 12:00,January,1703.941831,Q1,Afternoon,eco-friendly clothing,green fashion trends,best organic cotton t-shirts in the US,Germany,Instagram,Shorts,Tablet,1267.427366,26.45052547,1177.987821,29422.64459,2.552286032,1.773826499,502.021239,40.75281561,31.03795126,5.13815555,66.73770209,7.48736674,7.809892863,164.4963916,86.81172747,32.75634126,9.947451972,Homepage,22.05259125,2.976662992,2571.756781,63.8411458,7037.163116,1.529010161,1.24302241,816.1536176,0.306829686,125.2205957,1106.880861,11.87682881,9.784984457,1172.37909
61,03/01/2020 13:00,January,1766.120757,Q1,Afternoon,eco-friendly accessories,eco-friendly sportswear,carbon-neutral activewear,Canada,Facebook,Infographic,Desktop,469.7771612,54.40069947,2205.67047,19735.7494,1.582225004,3.738127531,75.24837099,52.26941116,24.5844532,4.505079344,45.1674392,14.1046554,1.644895706,296.7759104,433.402268,39.70624398,34.27133814,Category Page,23.57658405,8.107674425,1361.382004,66.6669549,1302.219667,7.330179305,3.616971306,568.8710818,0.334068203,140.5119919,3575.020856,2.510033133,45.08465647,762.8558233
62,03/01/2020 14:00,January,1695.687282,Q1,Afternoon,recycled fabric dresses,ethical fashion brands,carbon-neutral activewear,Mexico,Snapchat,Image gallery,Laptop,2002.047091,60.39801299,2154.771966,6876.033593,6.139492225,32.72843516,49.07976648,63.54476805,25.14523773,3.07079023,56.41318036,3.676797934,5.974794808,350.342224,254.408055,47.66128159,23.8669781,Category Page,19.11577334,1.82945387,3772.101855,66.20017969,7873.013152,5.221692914,3.076558474,466.2840239,0.137935829,271.6977861,2661.685987,13.2389205,52.26249379,1169.292847
63,03/01/2020 15:00,January,1744.416178,Q1,Afternoon,sustainable outdoor gear,eco-friendly sportswear,carbon-neutral activewear,Australia,YouTube,Video,Tablet,5020.233439,77.55323551,126.1884282,3888.78855,4.797670483,5.458908013,735.5263084,64.274253,34.55914308,0.963441091,73.59748976,-7.284045714,4.320990071,272.0482237,366.4892436,64.7007117,23.48260445,Product Page,39.6783352,1.832253021,3982.932359,58.85314232,5684.294818,6.689654245,3.689146538,738.8768343,0.541523066,389.5102061,2067.24338,5.857867292,36.7442859,1129.645365
64,03/01/2020 16:00,January,1700.83485,Q1,Afternoon,eco-friendly clothing,ethical fashion brands,eco-friendly clothing for hikers,Australia,TikTok,Video,Mobile,465.0523037,29.01312063,922.3361044,15711.6862,2.593186852,7.845527899,502.935276,59.19107275,28.482915,5.833062151,84.26478212,-8.507144196,7.910983189,354.0507701,52.05493954,65.52608784,29.81213602,Homepage,17.94987965,4.968907736,2024.036055,44.67472753,3188.127625,1.53580569,3.344721835,371.6421509,0.600587997,27.91660407,2411.317,4.13127091,59.11471349,684.4928615
65,03/01/2020 17:00,January,1785.989348,Q1,Afternoon,eco-friendly accessories,athleisure for eco-conscious consumers,where to buy recycled polyester running shorts,Mexico,Instagram,Blog post,Desktop,6513.689046,8.747441142,1246.49752,13414.38937,7.326404191,24.31190299,798.6768691,67.26735165,21.34212613,8.18120857,79.47040387,10.4380877,8.471615269,286.0629841,130.2958101,39.56943808,25.1584197,Blog Post,66.79582243,0.881969024,3875.589968,66.46378294,2693.567575,1.565321487,4.024795102,90.69351188,0.459125093,94.23857532,1418.622982,0,44.08600929,412.3172923
66,03/01/2020 18:00,January,1792.974448,Q1,Evening,recycled fabric dresses,athleisure for eco-conscious consumers,best organic cotton t-shirts in the US,United States,YouTube,Video,Tablet,4003.393863,0.837378538,2430.139517,21555.15385,8.254995531,23.5379862,493.3866256,16.36218431,27.27218359,3.18300179,47.51242383,30.11721707,12.42824067,161.9630574,50.93670055,33.16835241,19.40752854,Category Page,50.61663726,5.128050101,446.1013033,60.6514393,1637.977946,4.896373941,2.322115372,545.3742186,0.799689153,109.0144795,2541.153672,8.88546056,23.85942226,869.9545914
67,03/01/2020 19:00,January,1686.546228,Q1,Evening,eco-friendly accessories,eco-friendly hiking gear,sustainable fashion for athletes,Canada,Instagram,Video,Tablet,8240.433253,73.86534635,742.4269069,25423.52711,0.606297875,20.65434726,690.669584,22.12823389,36.65506869,4.471650923,62.86075662,-3.418561274,9.647440312,376.4839698,511.6119051,46.22506793,38.42530991,Category Page,64.32656654,3.924396133,2663.221358,47.54616012,7861.656463,2.129336924,3.489382587,89.08945254,0.622781751,80.41355492,3637.53177,13.30775261,57.27340865,913.55204
68,03/01/2020 20:00,January,1662.974843,Q1,Evening,organic cotton apparel,sustainable activewear,carbon-neutral activewear,Australia,TikTok,Infographic,Laptop,3274.910774,80.82376824,1977.427786,11270.11294,7.924867595,30.78501884,537.0337239,32.22891685,28.62371801,3.153321971,44.97815233,36.80270881,8.349422913,120.6371119,500.4001002,42.34948916,31.47504104,Homepage,16.29108565,2.930825392,2555.095698,46.72833441,6828.01916,0.953541129,2.642874477,510.2796932,0.320124648,225.1765024,3836.550942,13.95022888,54.22006753,827.8207977
69,03/01/2020 21:00,January,1727.431335,Q1,Evening,eco-friendly accessories,athleisure for eco-conscious consumers,where to buy recycled polyester running shorts,Germany,TikTok,Shorts,Mobile,4135.054628,73.98033253,431.3108732,30220.5932,6.799474765,15.50808153,125.1241327,25.50980607,61.19693857,5.446929733,58.15754849,2.954610481,9.69906103,390.2796353,519.0936605,46.34357083,20.69890318,Product Page,13.99447235,4.140685833,501.8976163,58.32750299,2017.73441,2.901233317,2.088112742,670.3874414,0.176211924,166.9229234,2338.331698,12.46065719,36.99034395,720.4610285
70,03/01/2020 22:00,January,1730.938768,Q1,Evening,sustainable outdoor gear,eco-friendly sportswear,sustainable fashion for athletes,Germany,Twitter,Shorts,Laptop,445.2395919,37.99200391,507.4201446,14302.19898,2.280753645,37.386822,48.7810199,52.14078512,64.68621326,3.583485555,53.19482605,31.9401176,5.089494396,251.9935276,493.4215837,48.77903226,21.96463629,Category Page,77.05302093,3.157136337,1700.344452,62.56266042,1919.864366,7.374405746,2.512340024,670.6415221,0.082929719,124.3378383,1266.7735,2.594011906,22.52099758,474.9496513
71,03/01/2020 23:00,January,1641.612673,Q1,Evening,eco-friendly clothing,eco-friendly sportswear,best organic cotton t-shirts in the US,Mexico,TikTok,Product page,Laptop,2854.108414,52.28913703,1394.729703,30651.11017,1.004572531,17.29321295,243.274985,58.8874261,27.46248479,7.657979908,58.63641057,15.76910293,5.547697586,181.1374259,441.0181495,59.40717754,39.9227389,Category Page,41.69832152,6.518031507,1902.74769,40.70614005,7187.27868,4.990278204,2.548959269,618.2417014,0.212104139,112.4244381,892.2062157,2.484636661,33.43497506,1253.252585
72,04/01/2020 00:00,January,1635.95762,Q1,Night,sustainable outdoor gear,sustainable activewear,eco-friendly clothing for hikers,United Kingdom,Pinterest,Blog post,Mobile,6087.497723,73.31713795,1955.429569,3240.767172,4.895708189,29.50582358,43.45290154,20.46306811,33.69637247,3.522518216,83.04253334,4.2376336,1.712124528,404.0341289,44.78062441,40.53544875,17.36903879,Homepage,13.41342133,3.77490532,505.9078428,47.12100293,1470.675758,5.97958696,3.802203611,653.6616774,0.466389168,322.6909712,2892.254845,8.900811716,18.39383902,1233.753535
73,04/01/2020 01:00,January,1755.336924,Q1,Night,organic cotton apparel,eco-friendly sportswear,best organic cotton t-shirts in the US,United Kingdom,YouTube,Image gallery,Laptop,2431.70042,32.03425024,1632.924291,9915.111479,5.123625499,1.413547655,700.9324177,40.685015,22.79651805,7.525612486,74.10981876,30.69126549,1.559335558,411.0252215,270.1452423,63.76790755,21.35589208,Homepage,10.13324072,7.402173734,2884.560041,63.88476851,5991.010571,4.793790726,2.769871687,715.3101079,0.582364893,167.7190726,3347.203175,11.80026186,41.37503125,1125.291023
74,04/01/2020 02:00,January,1751.927769,Q1,Night,organic cotton apparel,eco-friendly hiking gear,carbon-neutral activewear,Canada,Snapchat,Infographic,Laptop,6921.460533,9.083808517,974.6083251,36290.79392,3.119356874,5.623967539,550.36361,26.98886375,60.13838997,1.523966324,52.97182304,4.345271462,1.655365654,372.9728339,403.5894332,55.80140556,22.33439841,Product Page,10.95076947,1.671693996,428.813463,66.2688278,7899.530968,5.425913129,2.354459225,106.9730985,0.733054143,342.2789992,2257.770919,1.714400956,30.01081185,819.0306401
75,04/01/2020 03:00,January,1702.434131,Q1,Night,organic cotton apparel,athleisure for eco-conscious consumers,biodegradable outdoor clothing,Canada,Snapchat,Shorts,Desktop,8250.946705,12.3984718,2276.397576,6028.465099,5.989797968,18.23464045,99.25967655,56.22115543,37.18177933,3.83415837,79.61536657,6.07891213,9.547327573,185.8401521,33.93533496,47.52975262,43.29552734,Homepage,67.94219186,3.476101558,3545.054234,49.8992699,2382.199633,7.998571686,4.08027546,667.9075054,0.412554517,48.66287531,3704.105862,2.623315932,27.72199987,95.73725801
76,04/01/2020 04:00,January,1715.704738,Q1,Night,organic cotton apparel,sustainable activewear,carbon-neutral activewear,Canada,Pinterest,Blog post,Tablet,6567.571618,80.30501013,2237.988186,21177.06694,0.597262678,13.25729697,761.3802738,9.89143387,34.00622991,6.956881123,78.21034408,23.39468838,12.54812719,272.8629399,47.9995389,70.14954515,35.14624409,Product Page,36.77933881,7.740149278,721.2327877,71.99284081,554.6466029,5.351516248,4.273874455,231.9883716,0.571037965,19.57032908,2870.892734,5.112051842,44.25198292,1136.81012
77,04/01/2020 05:00,January,1789.46961,Q1,Night,organic cotton apparel,eco-friendly hiking gear,where to buy recycled polyester running shorts,Mexico,Instagram,Infographic,Desktop,4387.392294,47.00678638,1105.605336,20489.59825,6.789699336,19.02762451,751.3672056,71.98952667,26.65898701,2.191965975,78.70282823,38.57423203,5.991263575,45.26138303,165.2762929,53.54596368,12.61954989,Product Page,76.47965561,3.921732296,3681.371578,50.36980089,6402.657996,4.540745219,1.250875514,812.8439668,0.757263036,36.01752807,547.0002117,12.68312082,13.45078136,342.5120844
78,04/01/2020 06:00,January,1632.005833,Q1,Morning,recycled fabric dresses,eco-friendly hiking gear,best organic cotton t-shirts in the US,Mexico,Pinterest,Shorts,Desktop,1784.446394,4.112793087,200.0432042,8373.923179,2.562942977,19.66307745,840.8525439,35.56963807,23.75349613,5.082670706,73.5563227,21.27440522,10.18882222,208.5292714,195.1516715,42.7384952,27.29322656,Category Page,23.88302604,5.359680248,1216.857679,69.98964224,2568.349488,2.18469491,3.037540468,730.295121,0.423132085,235.6470699,2398.559848,5.776396702,51.856915,612.9708881
79,04/01/2020 07:00,January,1679.283797,Q1,Morning,eco-friendly clothing,eco-friendly hiking gear,carbon-neutral activewear,Canada,Snapchat,Image gallery,Desktop,7490.349285,49.08191847,876.2762865,21051.26283,2.639220926,1.078316378,459.2343553,55.965313,22.86137746,1.997240936,67.32551924,38.24848331,5.585727909,188.9900107,228.9837568,47.2681368,20.64151675,Homepage,62.66819035,4.61266996,1959.075726,56.07705231,3772.0524,3.009683256,3.851635484,453.9247694,0.185490782,71.78808485,3525.161346,4.407831868,23.24194301,434.856968
80,04/01/2020 08:00,January,1631.739308,Q1,Morning,eco-friendly clothing,ethical fashion brands,best organic cotton t-shirts in the US,Australia,TikTok,Infographic,Laptop,5648.103063,72.1901052,1388.870462,13087.93028,3.738413685,27.82287547,309.5912398,72.45958725,33.44050265,4.235444443,75.16275363,-0.744757552,2.510103506,369.7775118,458.8402705,40.59482831,15.21554772,Blog Post,27.83133126,1.663309871,3018.939768,51.9149872,5130.887433,4.482149907,3.001585361,578.610129,0.811154696,238.8046008,3638.822149,5.944099575,52.37165484,682.8265038
81,04/01/2020 09:00,January,1744.220311,Q1,Morning,sustainable outdoor gear,green fashion trends,best organic cotton t-shirts in the US,Mexico,TikTok,Infographic,Desktop,6621.142695,44.18984098,716.3123277,37268.18877,0.691325106,13.45194354,121.936874,40.51578789,35.32763487,8.489551004,63.22819775,3.677591337,2.097642919,209.6199485,386.2305,63.53748985,41.05410491,Product Page,38.04544804,5.282785365,1467.591553,71.19246049,6878.479684,2.74048813,1.105097916,489.4592687,0.184990787,66.61494033,2363.492176,8.22337836,38.72236948,1140.896331
82,04/01/2020 10:00,January,1684.891371,Q1,Morning,sustainable outdoor gear,eco-friendly sportswear,sustainable fashion for athletes,United Kingdom,Twitter,Product page,Desktop,3754.262893,57.61783816,1151.179615,8726.719904,1.862002794,6.721264274,54.72215702,35.89382873,46.77969186,7.788492398,75.60343013,-0.707735825,10.69755506,28.53567597,381.3256536,41.36107149,25.61889088,Category Page,30.0861312,1.570941727,1572.206677,64.01063297,5295.404631,0.891937232,2.611673056,491.7786197,0.803170796,209.5661537,1635.175985,13.94935255,35.32280585,665.92187
83,04/01/2020 11:00,January,1679.33733,Q1,Morning,eco-friendly clothing,sustainable activewear,biodegradable outdoor clothing,Australia,Instagram,Image gallery,Laptop,6318.881764,26.2114339,1238.875786,9577.147785,3.165077632,14.25289197,251.722153,11.49727151,60.43995049,7.930280657,54.02017982,9.851596494,6.218197062,426.6978945,431.5510178,34.03486186,26.13277215,Blog Post,16.71247291,3.309540697,2951.981721,73.95674584,8559.52624,3.634764917,1.942288214,604.295648,0.190692833,13.33271634,51.74868856,5.300995436,8.955118118,300.6824591
84,04/01/2020 12:00,January,1636.229161,Q1,Afternoon,organic cotton apparel,sustainable activewear,sustainable fashion for athletes,United States,TikTok,Infographic,Tablet,4728.60608,0.821813809,1898.746664,15458.74231,0.971284651,13.35061894,353.3394441,54.73667197,50.611735,1.886739786,51.57893798,3.611218049,11.83343411,348.3517931,485.0711772,65.3549761,18.92019074,Product Page,58.54631241,0.819496988,596.6264412,68.68500922,5954.420609,7.055476274,2.572669387,273.766565,0.609592525,76.17533085,2036.534461,10.65681344,29.21290838,829.5610399
85,04/01/2020 13:00,January,1799.804026,Q1,Afternoon,sustainable outdoor gear,eco-friendly hiking gear,carbon-neutral activewear,Germany,YouTube,Video,Laptop,5043.106231,49.07765019,579.5004903,36132.22615,5.562039133,5.77812406,199.2955333,28.51409332,14.83414491,6.668823811,67.04950244,-8.624816034,5.738868863,415.6077962,320.1845778,44.58953486,25.44888306,Blog Post,58.11202897,6.159305123,1006.225466,53.88534233,1000.489094,1.332083192,4.295926205,225.1089481,0.232075258,226.0415182,515.4522492,3.237021217,35.22717744,578.711718
86,04/01/2020 14:00,January,1721.080086,Q1,Afternoon,vegan leather handbags,eco-friendly sportswear,sustainable fashion for athletes,Australia,TikTok,Image gallery,Mobile,1340.60072,0.881381158,919.1773445,27441.19063,7.085706261,5.190153996,50.27211482,59.53190913,46.58557067,1.355524112,43.54899058,14.38936047,6.979985445,415.2593565,53.41803851,45.38731066,23.90486229,Category Page,62.72140611,3.737858109,3985.750128,44.51683541,8571.385343,1.027070655,1.759071454,294.5423463,0.506421319,275.5480623,2764.029919,14.80928681,45.35541134,424.7300135
87,04/01/2020 15:00,January,1692.065937,Q1,Afternoon,vegan leather handbags,athleisure for eco-conscious consumers,where to buy recycled polyester running shorts,Mexico,Twitter,Image gallery,Desktop,1126.135687,30.29034322,1465.30334,15088.55518,5.774142912,3.563375084,514.6000176,15.79512925,13.55512505,0.926437246,77.68284814,17.45728707,0.695040509,179.5593445,73.41265175,67.61518127,24.81358099,Blog Post,10.7293711,3.337176315,3998.893792,60.59500677,786.5392203,7.536296862,2.74426178,620.6902291,0.618152917,85.23477422,1064.185186,4.137227371,19.55830202,600.4882186
88,04/01/2020 16:00,January,1776.163987,Q1,Afternoon,eco-friendly accessories,green fashion trends,biodegradable outdoor clothing,Germany,Pinterest,Blog post,Desktop,2654.581914,19.57090376,1650.994809,33948.72294,7.885062168,3.96926317,119.0828875,48.32968954,64.9249529,4.220183531,80.84867378,1.366628922,7.683540872,336.1382659,129.5984036,59.76529156,22.25193462,Homepage,23.36938431,7.409640631,2625.218476,57.04280857,8133.29815,7.628266099,1.061943052,130.6684668,0.373648469,279.4178835,2907.437639,0,56.52110631,1131.93656
89,04/01/2020 17:00,January,1664.181103,Q1,Afternoon,eco-friendly accessories,green fashion trends,eco-friendly clothing for hikers,Australia,TikTok,Blog post,Desktop,6315.271573,49.96667949,57.07737656,25192.75658,4.925642443,5.544606012,698.123342,74.40961074,13.06883622,1.445951819,60.89105317,42.67919877,10.71350654,220.9437985,418.0228306,46.74165195,25.29760306,Product Page,22.62974389,1.761265817,3911.805649,54.20662728,4841.626377,4.38663453,3.476884438,688.3377741,0.535724655,319.0638031,501.4156623,12.15624261,54.26869141,819.7539769
90,04/01/2020 18:00,January,1754.276816,Q1,Evening,eco-friendly clothing,eco-friendly hiking gear,where to buy recycled polyester running shorts,United Kingdom,YouTube,Image gallery,Tablet,8048.713034,55.89796925,2380.181107,34677.67567,0.912349062,18.44379166,375.898819,63.91574824,22.15957249,2.479632716,71.55120385,-3.381616461,8.980817444,392.9324989,365.8794925,60.1928272,9.30310021,Product Page,49.40941898,7.126137704,895.5097199,61.55504074,477.4627374,4.579822984,3.433125963,336.3953931,0.528321435,201.113636,3363.284694,4.86699449,47.53093817,178.0114974
91,04/01/2020 19:00,January,1691.96139,Q1,Evening,recycled fabric dresses,green fashion trends,biodegradable outdoor clothing,Australia,Facebook,Infographic,Tablet,5264.756674,41.01645129,2387.899635,40799.63489,7.828595835,2.3031279,854.65037,47.84495902,64.74561497,6.071198416,70.16107779,36.32183494,2.550096549,129.3573432,189.648488,65.63486872,14.21231108,Homepage,38.04134773,4.915745434,1090.63171,76.80980607,3626.886901,1.727728476,1.829969003,659.8168045,0.465006302,338.2294767,4008.1192,0.816086323,55.77872462,783.7260322
92,04/01/2020 20:00,January,1669.952615,Q1,Evening,sustainable outdoor gear,green fashion trends,sustainable fashion for athletes,Germany,Twitter,Video,Laptop,5587.905148,58.22896807,120.2318553,9193.932305,6.142976116,29.86536551,357.0001692,10.37205597,25.35141908,4.738844961,82.31756429,1.292325709,2.881932123,14.71289057,429.152268,64.17010663,21.71085333,Blog Post,32.5597597,6.236154638,2968.34706,55.77679595,4557.545765,4.673887362,1.556464273,312.8815609,0.161627264,87.12649856,337.2838285,9.796354458,48.53511413,507.1999223
93,04/01/2020 21:00,January,1649.303504,Q1,Evening,recycled fabric dresses,sustainable activewear,biodegradable outdoor clothing,Australia,Pinterest,Image gallery,Tablet,6082.334888,82.57460765,632.9619708,31774.81807,6.659260345,32.83367092,67.98469661,20.74858816,52.65418786,7.837295347,67.41916673,38.53573863,6.09166123,209.734395,47.69090113,49.30470578,29.32696515,Blog Post,62.13787311,5.286161432,3590.079707,49.91736396,211.2597111,7.635291263,3.177726474,496.7396631,0.479213625,198.9810586,1253.899493,6.908366698,21.23935138,879.3966959
94,04/01/2020 22:00,January,1729.839794,Q1,Evening,eco-friendly accessories,eco-friendly sportswear,biodegradable outdoor clothing,United Kingdom,Pinterest,Product page,Desktop,7576.566818,48.72053722,1938.893178,39941.31266,4.658752904,15.52484781,355.6765601,25.63881915,13.07626475,4.731881394,55.63928159,20.61261413,3.59127175,363.550518,92.80038427,64.64500985,29.12120723,Blog Post,42.85541654,5.947173204,4062.72804,46.02604613,1071.605186,1.929494321,1.103309226,100.025001,0.465708989,268.5841648,4256.508861,8.337771591,53.56284627,1166.126917
95,04/01/2020 23:00,January,1757.603643,Q1,Evening,organic cotton apparel,eco-friendly sportswear,biodegradable outdoor clothing,United Kingdom,Snapchat,Shorts,Mobile,7010.239418,23.51465063,1708.315852,3854.315015,8.309858299,9.896801389,298.6231281,59.27803444,18.56689719,5.084604262,87.77700225,40.03685267,9.787567206,115.7500716,108.2687453,55.2720064,18.34156795,Category Page,51.33971206,7.582321905,494.1201896,67.54334413,8114.557031,2.180527512,1.931219601,342.6018111,0.721488504,69.78197391,822.3176967,11.11788589,44.45927338,442.6078247
96,05/01/2020 00:00,January,1774.125714,Q1,Night,eco-friendly accessories,eco-friendly sportswear,eco-friendly clothing for hikers,Germany,Pinterest,Image gallery,Tablet,4434.877618,21.63567835,502.4446819,33639.8977,4.86489618,16.95817164,804.7343343,23.09061113,46.4105127,2.736260951,69.91843273,3.841606669,9.483267778,223.9840647,344.5559574,46.06832637,26.03582311,Product Page,40.60097364,7.415199407,3800.572971,53.18783814,7705.837946,6.2242474,1.779165717,715.3837753,0.240394517,402.3216638,2201.643761,1.663610526,38.53556646,1070.490612
97,05/01/2020 01:00,January,1633.597192,Q1,Night,vegan leather handbags,eco-friendly hiking gear,sustainable fashion for athletes,Canada,Instagram,Blog post,Mobile,5089.048865,34.93066051,589.3611983,873.9383719,0.769764854,27.54733951,529.262419,63.70561073,51.36010022,5.04581645,76.09859512,29.0528702,2.259613195,63.28783397,157.0313126,56.27599916,33.71649212,Category Page,14.01348404,3.820883331,1218.950618,66.86063319,6159.484886,4.780468924,1.788560133,192.4936524,0.515103085,356.9060575,392.3524703,0.807896844,43.96921718,1206.48977
98,05/01/2020 02:00,January,1794.930703,Q1,Night,eco-friendly accessories,eco-friendly sportswear,biodegradable outdoor clothing,United Kingdom,YouTube,Video,Desktop,435.6350758,47.6519733,2547.83932,33133.74801,1.103781327,38.06153531,311.7592375,78.16779655,27.94080974,3.422943664,47.12535455,37.5195213,8.689589993,382.7411391,87.63907299,54.66678032,29.34524899,Category Page,66.0155508,2.011705544,1265.631919,68.73460302,791.7943094,1.529969459,1.136851721,144.6381318,0.83373075,206.4686214,2843.64872,9.755694529,30.15262012,644.3905809
99,05/01/2020 03:00,January,1799.093702,Q1,Night,sustainable outdoor gear,ethical fashion brands,carbon-neutral activewear,United Kingdom,Twitter,Product page,Mobile,448.8021554,78.71534269,1007.498591,21291.23784,7.543525036,16.25872774,356.0745375,35.26332123,33.47524097,6.953782433,73.41481821,19.7233784,8.943627034,58.69010359,137.1934744,52.88045822,33.53519735,Blog Post,39.45244577,0.813095629,1930.489629,41.64183105,2308.191784,1.383753047,1.000424433,841.3271606,0.45785723,100.9674795,757.918694,0.818178295,39.26912454,933.4919723
100,05/01/2020 04:00,January,1634.213732,Q1,Night,recycled fabric dresses,athleisure for eco-conscious consumers,best organic cotton t-shirts in the US,Canada,Twitter,Shorts,Laptop,2317.485082,54.99505271,2257.863533,35398.3518,3.764581749,3.220269288,704.5159863,49.34198421,52.28081616,4.415711186,63.70730169,-4.539506348,7.263672939,155.7408148,147.5804049,62.67827285,15.48529092,Blog Post,39.36295267,7.082163357,611.4834603,72.57056815,4820.263996,3.502700329,3.975286936,233.8034674,0.162155783,36.20955345,2135.143538,13.18971488,12.55626027,1223.302646
101,05/01/2020 05:00,January,1790.08996,Q1,Night,vegan leather handbags,green fashion trends,where to buy recycled polyester running shorts,Canada,Facebook,Shorts,Tablet,3781.413126,5.970105362,274.8346769,15667.79169,0.654296649,10.65803903,559.2863079,33.66085321,38.57600116,3.028888664,53.66699083,12.67701684,12.6285523,377.5644892,414.6074607,52.35031275,16.81956116,Blog Post,30.50047917,7.11253819,2184.20757,55.78712338,7197.39528,4.340116352,3.521200012,431.2800768,0.601097144,320.6983372,3422.546881,10.60936356,21.96362084,399.3340206
102,05/01/2020 06:00,January,1680.186311,Q1,Morning,eco-friendly accessories,athleisure for eco-conscious consumers,sustainable fashion for athletes,Australia,Snapchat,Video,Mobile,3472.723479,34.14775012,951.6199223,13751.37531,0.512726917,23.49795286,235.0815655,32.75485455,51.5354847,1.413819721,67.64771466,1.273704808,11.36458402,328.9191321,335.5681051,66.1734033,24.75255624,Homepage,51.17807767,6.279056,3561.19952,63.65362538,1047.586943,6.378331543,2.701357875,311.5416585,0.784869673,90.04781222,2524.017018,0.844785303,53.37012272,384.1642169
103,05/01/2020 07:00,January,1789.154293,Q1,Morning,eco-friendly clothing,athleisure for eco-conscious consumers,best organic cotton t-shirts in the US,Canada,Twitter,Shorts,Mobile,5067.098781,28.17553184,1789.680722,17918.39694,1.449576704,16.37408003,134.2940547,72.4820031,46.27463476,6.791639354,74.10475486,39.03023551,11.04227891,324.301464,31.43346574,49.4755483,35.74959002,Homepage,61.60652209,2.408506919,1775.262158,44.38113275,4913.075677,3.194158418,2.736986707,674.9039227,0.501835306,194.3154142,3214.936212,11.31095191,10.25452853,1241.106543
104,05/01/2020 08:00,January,1699.214901,Q1,Morning,organic cotton apparel,eco-friendly hiking gear,sustainable fashion for athletes,Mexico,Snapchat,Infographic,Tablet,6537.650462,16.06027114,930.7714245,15268.87915,1.493015932,40.67674419,556.6494371,51.89453397,18.49932003,1.981509069,55.48356922,37.19728362,10.77385786,263.0190937,262.8850458,58.6796558,37.42054909,Homepage,56.47348724,2.496837627,3047.248143,51.43670455,7849.568221,1.543448133,1.695605956,684.3219542,0.608760734,271.2927164,3743.748418,8.085770607,19.10401466,252.2806353
105,05/01/2020 09:00,January,1718.601233,Q1,Morning,eco-friendly clothing,eco-friendly sportswear,biodegradable outdoor clothing,Canada,Instagram,Infographic,Laptop,1056.696574,62.4827049,2381.082709,21706.39426,0.809518788,7.430128761,52.50136229,75.9028952,10.07379642,4.562914321,51.48397348,21.53735925,9.319046433,354.1352428,297.6437218,70.10776507,16.28613349,Category Page,66.0860399,5.391672002,1440.02051,68.73290183,745.7755766,2.525982164,3.101376852,520.1740148,0.331474158,64.06382155,2498.649229,15.78906229,13.00024896,475.6559189
106,05/01/2020 10:00,January,1793.294883,Q1,Morning,vegan leather handbags,ethical fashion brands,carbon-neutral activewear,United Kingdom,Twitter,Video,Laptop,5972.152886,54.3212238,334.0087873,27251.79155,3.297219627,40.00548064,623.8388208,66.73454765,12.95665823,1.750054555,67.54578723,29.02099723,0.852524983,297.5938286,29.5091324,51.62334442,28.16421561,Product Page,66.28856079,7.881695336,3295.920253,60.34180704,2691.269267,4.504787925,0.927320753,550.5940699,0.336166905,315.9496791,2252.836942,7.083804297,24.16081316,622.8820472
107,05/01/2020 11:00,January,1696.174611,Q1,Morning,organic cotton apparel,eco-friendly hiking gear,sustainable fashion for athletes,Canada,Pinterest,Product page,Laptop,6830.622816,75.66891489,75.70775194,34294.98357,5.731178759,13.65282245,133.7415348,13.22305985,27.41211351,7.823008935,52.82355128,43.22138525,8.131172375,281.2019023,255.8275416,39.34205855,11.7977989,Category Page,29.80472722,6.058425485,602.9732566,51.18421468,1774.433468,2.064547219,1.060711492,133.5710231,0.604741053,168.9638821,3691.179364,11.60614091,59.22724019,1177.533651
108,05/01/2020 12:00,January,1686.331695,Q1,Afternoon,eco-friendly clothing,sustainable activewear,biodegradable outdoor clothing,Germany,Instagram,Video,Desktop,4272.472645,23.85168955,2313.391995,6551.261274,4.149757654,9.381319343,574.0413026,17.53242361,63.83366479,2.074543665,63.74307152,7.665414335,12.69787936,412.7900044,285.8806397,56.33490512,25.38341502,Blog Post,27.5473928,3.017669333,3118.994425,74.92694505,3873.334086,3.722866899,3.35881992,616.8631433,0.423293366,133.6332736,987.0477745,13.35645222,32.04130291,97.79828683
109,05/01/2020 13:00,January,1666.525008,Q1,Afternoon,organic cotton apparel,eco-friendly hiking gear,biodegradable outdoor clothing,Australia,Twitter,Shorts,Desktop,8257.778646,66.69148203,1138.333036,29719.25297,3.071485466,37.96555827,477.0604277,42.73581857,39.59876439,5.956167096,52.01713825,25.6215949,1.204695517,20.41407676,46.06113907,64.23961832,20.34871413,Homepage,14.15649954,7.679258449,510.6475109,65.24793811,7854.848156,7.312225189,3.294041586,392.9298718,0.427112177,315.7338701,2451.046237,5.937110266,15.94159041,398.3791601
110,05/01/2020 14:00,January,1732.742543,Q1,Afternoon,organic cotton apparel,athleisure for eco-conscious consumers,eco-friendly clothing for hikers,United Kingdom,Twitter,Blog post,Tablet,4359.243846,75.6720493,1007.510056,16019.35661,6.11463412,13.99278097,567.2104675,8.250131396,23.83648904,1.682157839,79.78610596,6.415718915,7.58567118,270.5761697,384.0295961,51.75428214,20.42117714,Product Page,55.66626268,5.112256349,3415.077645,72.5786378,675.8980425,1.487764044,1.275178646,473.8066802,0.62846123,197.472631,392.8784437,6.951659284,37.69735796,753.3509695
111,05/01/2020 15:00,January,1761.396033,Q1,Afternoon,sustainable outdoor gear,green fashion trends,biodegradable outdoor clothing,Australia,Pinterest,Video,Desktop,6872.245154,48.2798334,160.3106043,39245.8155,1.223052065,26.40045947,454.832305,49.97767157,30.19215582,4.019644081,49.13226394,37.75086749,9.179361597,146.4130295,399.0139555,55.15262675,16.43134365,Homepage,57.40869231,4.531175962,764.1881142,60.79081576,7356.080824,3.905869113,3.002150059,597.8602482,0.615646827,402.1177169,3712.277826,16.63449757,24.38049014,350.6363254
112,05/01/2020 16:00,January,1637.944764,Q1,Afternoon,eco-friendly accessories,eco-friendly hiking gear,where to buy recycled polyester running shorts,United States,Pinterest,Product page,Laptop,5516.633781,72.67987786,1887.828779,7695.687158,5.517194589,23.65157572,235.2195174,37.22180296,63.90520952,7.027591138,66.02324062,4.093206295,9.785311286,378.0562277,480.0273393,59.83304862,35.15482907,Category Page,57.63930994,8.467388516,3722.253961,44.01676694,709.8681869,1.092340026,1.674381929,805.4282306,0.202766813,52.98948357,957.3055933,14.76141683,22.88694083,991.7413373
113,05/01/2020 17:00,January,1712.952224,Q1,Afternoon,organic cotton apparel,eco-friendly hiking gear,biodegradable outdoor clothing,Australia,YouTube,Video,Laptop,8306.731048,62.82597852,2326.907215,18547.01529,4.805800719,14.80709452,852.0919089,27.54768258,63.56808375,1.090887699,65.59222672,-5.242342549,9.112065909,30.45544461,463.4456811,49.99362542,17.70530906,Blog Post,35.08884884,3.159213484,2097.497162,63.67110578,5884.32687,3.474241886,2.557688538,587.5612513,0.302916344,22.48740894,1570.790803,5.860544918,42.04937714,654.7369028
114,05/01/2020 18:00,January,1653.644647,Q1,Evening,eco-friendly clothing,ethical fashion brands,carbon-neutral activewear,United States,Facebook,Infographic,Laptop,8036.123491,4.113864163,812.5865832,13769.6989,2.146946247,35.64183756,664.3061083,14.40969713,31.26943592,2.291504898,80.41227788,23.59903328,2.75640106,228.6378992,430.5627837,40.82585046,28.31946241,Product Page,22.7376332,6.889379772,586.7480173,57.37115302,3177.283527,3.471624224,2.769342584,261.2607278,0.099978133,416.2241403,270.4223546,1.675269959,46.16142413,276.7438324
115,05/01/2020 19:00,January,1720.008071,Q1,Evening,eco-friendly accessories,eco-friendly sportswear,best organic cotton t-shirts in the US,Canada,Instagram,Shorts,Mobile,3997.205068,58.54800388,1902.584226,15256.04435,5.010037448,22.31212414,269.4992692,13.17699241,62.42090327,3.280105159,55.10598894,21.7098946,7.423764571,275.37831,298.6581394,59.42259433,16.82808146,Product Page,56.54680525,5.237466735,1491.970768,75.12576184,895.9000895,2.823263166,3.948704437,261.4297235,0.558216558,223.2655804,1186.60859,5.274274563,52.69250353,1153.151848
116,05/01/2020 20:00,January,1760.870232,Q1,Evening,eco-friendly accessories,ethical fashion brands,where to buy recycled polyester running shorts,United States,Instagram,Product page,Mobile,2884.913489,16.32564616,53.39004474,3255.375401,5.882628639,20.85448278,539.9374191,14.14294008,53.16363966,2.851296867,70.25615372,11.23586309,4.071790306,64.84152127,141.7093123,68.49661617,21.77587457,Category Page,10.1441186,3.545927355,728.0179177,61.23417198,4930.971201,7.120478734,1.497068824,721.2153308,0.084580362,414.7295537,3529.96509,14.1229688,47.18188325,1198.694019
117,05/01/2020 21:00,January,1791.601136,Q1,Evening,sustainable outdoor gear,ethical fashion brands,biodegradable outdoor clothing,Mexico,Instagram,Shorts,Desktop,7524.603704,20.22722887,113.1009186,16462.30795,2.234184971,20.35182069,80.07066922,60.03804827,27.69570623,7.181094757,69.21337254,32.34165945,1.980698746,47.81357927,339.78717,53.0553722,14.74101055,Blog Post,37.00250949,7.21390335,619.7350115,61.21044921,8679.333824,4.661235294,4.077749086,649.6326711,0.166868799,16.69243088,1410.95014,11.3810441,42.64146951,1021.658539
118,05/01/2020 22:00,January,1740.7217,Q1,Evening,eco-friendly clothing,sustainable activewear,eco-friendly clothing for hikers,United Kingdom,Pinterest,Shorts,Laptop,4599.837504,27.46019445,637.1083935,13938.49548,4.591924858,11.00614736,416.4198302,56.35791728,15.58435023,6.138244223,55.97035082,21.5709923,8.634441387,72.678135,177.7719342,64.4812677,40.21257378,Product Page,64.06909739,3.097346519,2572.646062,66.45056095,8277.177082,5.933205837,2.368903666,376.1262554,0.550248774,308.7391755,3896.669474,13.05731344,24.86138655,624.0939996
119,05/01/2020 23:00,January,1742.454051,Q1,Evening,recycled fabric dresses,green fashion trends,best organic cotton t-shirts in the US,Canada,Twitter,Blog post,Mobile,3797.822396,52.03769221,1457.482753,27260.84139,4.153905817,16.91489373,755.3637197,50.90049068,25.26990796,5.064043383,49.68281574,43.39895747,2.061393639,218.2285208,190.0008181,64.36234481,13.94677316,Homepage,16.45400631,2.082585619,2871.391595,47.325867,2409.550431,3.478385842,2.751535598,690.4168513,0.099861346,131.2315397,150.3167305,14.94712541,16.32381022,431.3642914
120,06/01/2020 00:00,January,1687.145826,Q1,Night,sustainable outdoor gear,sustainable activewear,biodegradable outdoor clothing,Mexico,Instagram,Blog post,Mobile,4938.003498,8.647520925,2296.720084,23028.35054,1.975445601,10.32375735,504.2559443,51.99510199,17.25826174,4.392226107,62.46004073,6.835898875,10.55543826,78.26653013,348.6217331,40.61592967,38.28243724,Product Page,62.28371395,3.021992305,3107.181763,59.63888287,8462.842189,2.08375989,2.06605137,289.6266952,0.667456153,131.1875073,625.3573698,8.010216122,32.36018415,405.4467745
121,06/01/2020 01:00,January,1697.345185,Q1,Night,eco-friendly accessories,ethical fashion brands,biodegradable outdoor clothing,United Kingdom,Instagram,Blog post,Tablet,506.0963329,35.55221653,382.5359405,36075.66163,0.425848194,17.78163722,212.7047046,13.37829275,43.22041871,0.920332617,44.7546989,41.63952503,7.374233407,270.8378404,238.3355054,65.31798916,35.15023725,Homepage,45.67698862,3.75632674,3951.35367,63.16485986,5550.521459,1.62881891,0.938415962,605.9058548,0.378450462,263.7931811,3846.168038,2.450317885,19.94230885,1112.881433
122,06/01/2020 02:00,January,1647.673389,Q1,Night,organic cotton apparel,ethical fashion brands,best organic cotton t-shirts in the US,Australia,Facebook,Product page,Tablet,5335.578041,78.33200936,1717.56129,17909.38694,5.357659654,36.83110651,630.6142011,35.90199775,15.98696927,2.677114093,63.98864696,12.014343,0.607434972,70.71445221,484.5959311,45.20805718,10.62938849,Blog Post,33.32259429,0.59762204,4191.309861,68.40335177,5444.823224,7.093291917,2.858008693,752.4474451,0.184345831,164.9013921,2761.037028,11.32805552,15.96831525,702.4653832
123,06/01/2020 03:00,January,1797.563651,Q1,Night,vegan leather handbags,ethical fashion brands,biodegradable outdoor clothing,United States,Snapchat,Shorts,Mobile,1869.297466,13.99605125,1888.153835,26161.52056,4.684604967,30.30513533,800.0150505,16.18673613,64.72258225,5.078352866,49.02244221,-3.473185673,11.76229816,96.57420668,207.550412,41.1924409,8.574156152,Blog Post,75.32620533,0.502091978,3141.30567,62.09671691,2631.863971,7.145819967,2.207730383,171.5068844,0.40566265,317.3155056,1476.556845,4.994930142,55.74963728,940.27663
124,06/01/2020 04:00,January,1778.161828,Q1,Night,eco-friendly clothing,eco-friendly sportswear,best organic cotton t-shirts in the US,Australia,YouTube,Video,Desktop,1731.294926,28.83645496,1517.302059,23700.44857,2.571877056,5.554913425,845.5036924,46.52289921,59.10612047,5.491769777,85.07071918,1.254265111,9.326613727,247.2975226,212.0278754,51.3480204,35.58386718,Homepage,56.11206589,7.055188758,782.2523495,64.36233399,3464.270138,8.414229222,3.248776716,155.84699,0.603107971,188.6891884,1729.089149,9.439542855,20.81328253,998.5436256
125,06/01/2020 05:00,January,1744.689389,Q1,Night,eco-friendly accessories,sustainable activewear,where to buy recycled polyester running shorts,Mexico,Snapchat,Image gallery,Tablet,925.5813695,10.22115221,756.3778034,19654.47816,1.186950417,17.48192362,514.6217414,49.92619816,56.15259601,8.006877765,68.3457965,40.79736066,12.71609719,304.6813484,206.39196,44.45488161,20.19773857,Homepage,30.98889354,8.519094507,2230.888324,58.05399554,6468.230534,7.967095238,4.189903824,93.11526788,0.115329871,41.7605969,3325.312237,15.60541181,46.01570019,1210.903012
126,06/01/2020 06:00,January,1773.854062,Q1,Morning,vegan leather handbags,athleisure for eco-conscious consumers,where to buy recycled polyester running shorts,United States,Instagram,Blog post,Desktop,1854.548405,2.490072845,1964.899717,33733.39634,5.505879586,3.650050994,194.8423134,56.04150769,13.77799902,5.316014293,80.61246849,14.42206024,12.89687585,86.9217484,120.312275,57.21347052,40.90368153,Product Page,78.22559463,5.660110852,1530.792487,45.82471518,7680.620117,3.907107502,2.838066043,231.1136938,0.637100332,414.827682,312.8243089,13.82138263,28.56454017,817.1379921
127,06/01/2020 07:00,January,1704.885459,Q1,Morning,recycled fabric dresses,green fashion trends,where to buy recycled polyester running shorts,Canada,Snapchat,Blog post,Laptop,4254.091145,41.0921537,2207.894005,31104.9625,2.54970205,28.38548587,417.6977986,20.9010641,49.2377276,4.364607562,68.0494745,34.4708896,1.91902831,228.2079428,220.78701,69.19210263,13.0930336,Homepage,35.6353995,0.617051273,1548.702431,72.79774238,7575.958336,3.636583208,1.481191017,463.0252245,0.756136696,56.87737774,2094.531944,12.56419047,57.11979444,556.2899462
128,06/01/2020 08:00,January,1703.547119,Q1,Morning,sustainable outdoor gear,sustainable activewear,where to buy recycled polyester running shorts,Australia,YouTube,Shorts,Laptop,7791.15912,18.85810803,1658.385063,32863.21531,0.929135481,31.94215901,123.3687206,33.73937042,9.428075068,4.547846463,66.60332867,24.15947919,4.841023104,299.7939108,144.9839563,43.21060803,23.37576461,Blog Post,68.30369072,8.260487086,2093.562596,66.83782969,2775.304806,8.298854621,3.457047046,287.540013,0.260469787,380.1677748,1993.914457,5.072225561,39.97976336,129.2771835
129,06/01/2020 09:00,January,1689.002188,Q1,Morning,sustainable outdoor gear,athleisure for eco-conscious consumers,eco-friendly clothing for hikers,Mexico,Snapchat,Shorts,Laptop,2486.744464,4.437467794,1545.900822,15128.76769,5.910737725,25.45783444,273.1520952,28.95191396,65.69105843,6.626836235,45.68035089,15.86571327,1.893622126,374.2605006,159.8259423,58.27313389,27.69524621,Blog Post,17.61038372,2.525831354,940.7793128,50.14108394,1824.400945,4.735992088,1.229513091,859.1721007,0.699158342,316.4014685,1552.413378,11.52282784,52.21509221,245.5049514
130,06/01/2020 10:00,January,1747.092425,Q1,Morning,recycled fabric dresses,green fashion trends,eco-friendly clothing for hikers,United States,TikTok,Infographic,Mobile,5004.661571,70.59724919,1951.311348,22612.41848,8.168907955,28.22000185,263.1300939,40.00929525,52.93631583,6.45478755,70.37396518,31.0813783,9.851800606,73.9640299,162.3285373,40.03302538,12.11925468,Product Page,16.41619698,0.452882477,2071.329855,59.93701472,6095.463101,7.51115846,1.932646663,638.3253518,0.154762548,74.48616076,3464.036543,6.775968835,42.24851493,595.3748664
131,06/01/2020 11:00,January,1761.196478,Q1,Morning,recycled fabric dresses,eco-friendly sportswear,where to buy recycled polyester running shorts,Germany,Facebook,Product page,Mobile,5005.550057,17.91818749,670.4415261,1153.28307,2.378052991,38.31326213,375.3370993,57.96195578,39.91556031,6.142170544,76.3352384,-3.33784656,7.240696986,361.2318443,201.9472635,41.93100729,35.87451104,Blog Post,27.66973125,5.54180423,3364.656343,72.29031452,8472.681369,2.000632373,3.569182227,742.0643881,0.123797458,122.1495036,216.4598051,1.703907689,57.93513849,773.2277777
132,06/01/2020 12:00,January,1714.024653,Q1,Afternoon,eco-friendly clothing,eco-friendly sportswear,biodegradable outdoor clothing,United Kingdom,Snapchat,Blog post,Mobile,4353.039937,23.57620397,2633.127752,41235.11779,6.662903122,33.19980612,97.92067656,49.38149079,36.44232597,3.548570583,74.42652602,33.89688578,1.007107004,33.04520684,391.7012725,39.30676362,16.43772474,Category Page,34.57049157,3.137994332,739.7079512,71.98560409,5738.441201,6.586529699,3.968937106,500.4495551,0.32035806,356.8897671,1535.55477,8.340840226,9.333843705,765.071809
133,06/01/2020 13:00,January,1658.599079,Q1,Afternoon,recycled fabric dresses,green fashion trends,biodegradable outdoor clothing,Germany,Twitter,Shorts,Tablet,3165.243634,12.44185909,971.0195966,2491.388552,5.645356194,39.68620673,525.8148705,73.68127394,58.766694,4.577589153,66.3555666,21.02209118,10.74044282,141.4707913,484.9286902,38.59905305,39.07143745,Product Page,32.24345598,1.37515666,1580.768512,48.4698741,4279.974917,5.45584169,4.146875595,575.5221724,0.8141373,322.760879,670.8608061,6.696806143,35.42339815,920.8160487
134,06/01/2020 14:00,January,1655.812243,Q1,Afternoon,eco-friendly clothing,sustainable activewear,eco-friendly clothing for hikers,Germany,Pinterest,Product page,Tablet,4834.457451,60.19140933,402.819097,28765.22425,8.04556256,19.52156445,733.9699635,60.39500682,23.25301451,5.422171926,76.05137532,27.64026401,5.746887707,94.10663629,67.45791467,45.35646317,9.317204461,Blog Post,71.585561,5.876747485,1307.204823,61.17374709,2214.737342,4.133143384,1.283516496,749.5378362,0.464626468,89.12000377,1416.264715,14.51718693,37.03710452,601.637488
135,06/01/2020 15:00,January,1646.689258,Q1,Afternoon,vegan leather handbags,athleisure for eco-conscious consumers,best organic cotton t-shirts in the US,Mexico,Snapchat,Product page,Desktop,3924.769402,4.162200279,590.7475401,14400.68167,8.255189485,39.5895853,235.6684654,66.4050111,40.91213292,1.229356056,44.19595091,-7.301694148,2.213831689,185.1797081,383.8418761,56.38026765,40.32403155,Product Page,25.81609821,2.924738212,2668.831941,42.77088264,7840.873654,3.842938159,3.408282443,311.7546172,0.391912883,276.0948716,2523.074906,0.852901057,43.77727986,1063.844431
136,06/01/2020 16:00,January,1631.754314,Q1,Afternoon,eco-friendly accessories,green fashion trends,best organic cotton t-shirts in the US,United Kingdom,TikTok,Image gallery,Desktop,6197.693688,64.5427685,1197.010886,1159.678309,1.162358724,12.7369008,165.6609681,21.6924807,10.50692004,5.623644057,74.51287347,-6.582905131,3.358950185,189.1354911,99.51576312,63.60982375,41.97389496,Product Page,49.25689877,1.551026203,1465.90276,65.72838734,7633.988689,3.833548885,2.199277323,482.1533756,0.724340467,344.3909433,3668.997544,12.58347926,32.63246644,1168.835569
137,06/01/2020 17:00,January,1685.238193,Q1,Afternoon,recycled fabric dresses,sustainable activewear,where to buy recycled polyester running shorts,Mexico,Twitter,Infographic,Laptop,8044.889974,70.28368397,1311.727715,6709.399029,6.037312077,32.22521531,168.0184836,62.73640928,13.7234643,2.255618843,50.02163838,19.42564287,1.650581977,330.4377483,193.2358573,57.55522241,9.125727775,Category Page,15.0034113,1.041804319,1982.011167,69.39538576,2608.227404,1.673799702,2.874825251,857.5867811,0.774841321,352.0879566,826.959621,8.864934688,52.72335492,1237.52078
138,06/01/2020 18:00,January,1689.907707,Q1,Evening,eco-friendly accessories,athleisure for eco-conscious consumers,carbon-neutral activewear,Canada,Snapchat,Shorts,Tablet,4396.560507,70.1393272,1161.088342,10769.40934,4.325502739,12.17229459,168.3999335,36.47424967,13.68922835,4.822054551,48.90751972,28.19917922,9.905008696,236.0452401,162.0102061,44.76812159,12.52679198,Blog Post,11.4667026,1.400265267,644.8750802,67.45828099,5650.165518,3.190200563,1.841737175,820.2825903,0.674871303,355.462947,1593.002907,3.324467175,13.53071806,610.7899053
139,06/01/2020 19:00,January,1711.04342,Q1,Evening,recycled fabric dresses,ethical fashion brands,sustainable fashion for athletes,Canada,Facebook,Infographic,Desktop,5952.621052,32.06393645,183.2207078,25135.72866,8.161247957,19.07437126,887.9297689,62.82408073,14.36002228,5.504446031,71.42614475,13.34580471,13.10768701,232.9177181,125.1910463,39.53206997,21.80058603,Product Page,49.72703337,6.055297041,4397.758873,47.66226159,4708.747007,4.466165822,3.346357127,348.0634213,0.789793746,88.32174681,3678.268541,5.144487052,51.22780037,521.0858338
140,06/01/2020 20:00,January,1655.972221,Q1,Evening,vegan leather handbags,ethical fashion brands,carbon-neutral activewear,Germany,Twitter,Shorts,Laptop,3914.698253,6.036132017,1290.50663,40694.81128,4.206980154,6.752535259,698.0928025,60.05319279,61.10137745,4.483311033,69.67668073,23.72584506,3.972922238,219.6979295,410.0702856,66.19430637,38.61587554,Product Page,73.48313619,0.776279314,3191.473782,63.23670858,4640.162389,1.076490181,2.10906005,775.8369001,0.64721164,272.8660255,1691.617903,3.534276234,43.04534318,403.380928
141,06/01/2020 21:00,January,1736.723215,Q1,Evening,eco-friendly clothing,green fashion trends,best organic cotton t-shirts in the US,United States,Pinterest,Blog post,Desktop,4104.058394,37.0939435,638.6462551,25811.31512,0.512720341,17.36199565,44.45980438,32.03193423,60.77601055,6.562980267,68.62832371,40.5976611,12.4902229,306.0322141,73.56581346,43.6892187,16.45801554,Category Page,42.4211561,8.465222444,532.1253059,70.85740263,5712.871164,8.627631209,3.334675246,224.2258992,0.588701932,124.2053767,2307.839927,12.34188609,32.62447035,673.417348
142,06/01/2020 22:00,January,1708.044678,Q1,Evening,recycled fabric dresses,sustainable activewear,best organic cotton t-shirts in the US,United Kingdom,Twitter,Shorts,Tablet,2771.09137,29.18561135,350.4789885,21783.44574,0.798560524,26.93633396,727.8035019,71.07672977,53.5735439,5.13670288,74.61318723,-7.543939394,12.94618887,186.3450944,107.4258524,49.60885061,22.06797016,Category Page,36.64214071,3.0496126,3132.488825,54.74334196,3979.065612,4.511564638,1.518322033,235.6892071,0.413458151,218.7967917,1781.927097,4.293210416,15.59896312,175.4108919
143,06/01/2020 23:00,January,1671.445462,Q1,Evening,eco-friendly accessories,green fashion trends,best organic cotton t-shirts in the US,Germany,Snapchat,Blog post,Mobile,8202.470533,79.41030362,2162.001422,27868.43781,4.230668105,10.91945497,680.0034453,29.16300812,42.16906458,3.426687817,60.2021702,39.88690372,9.843489627,63.03979626,188.1199261,40.34927606,34.23920346,Blog Post,60.77807644,2.287209933,2090.687095,69.15050796,3119.476457,5.630099015,4.125577034,409.5507781,0.201870648,195.1238965,1868.041357,14.31696644,30.25668479,832.6833037
144,07/01/2020 00:00,January,1763.066645,Q1,Night,vegan leather handbags,green fashion trends,where to buy recycled polyester running shorts,Germany,Instagram,Video,Mobile,3106.381536,74.25490138,1473.562378,19994.99982,1.89706057,29.4173809,672.4432571,28.11188777,45.83735094,3.247182716,61.29173037,-0.631911281,12.8390228,104.1264625,126.041508,54.97517029,41.01100012,Category Page,71.65780218,1.774024514,894.3886398,49.56284913,4411.422553,4.974406907,1.238142368,804.2976335,0.539370871,42.23507455,2184.951698,12.40734492,49.91211858,327.3919707
145,07/01/2020 01:00,January,1697.206424,Q1,Night,sustainable outdoor gear,eco-friendly sportswear,sustainable fashion for athletes,Australia,YouTube,Infographic,Laptop,5435.959018,11.92420593,1913.228265,32815.02881,0.64400707,39.68644331,102.5892726,31.00240227,15.31164892,7.787493397,57.29443898,2.013434658,3.309909665,79.33858971,131.9092705,54.66453957,11.04609413,Blog Post,57.45188187,5.117195076,714.3327251,64.77425189,3869.45867,1.128836299,3.498064354,418.959459,0.526070499,343.4452143,542.811029,3.309432337,22.12440103,743.4401811
146,07/01/2020 02:00,January,1709.708686,Q1,Night,vegan leather handbags,athleisure for eco-conscious consumers,eco-friendly clothing for hikers,United Kingdom,Instagram,Product page,Desktop,4897.725374,76.53305818,1913.859723,19612.02858,4.686339444,8.644521861,673.986105,54.85087398,41.68207265,2.514273943,72.33087887,-2.691995827,3.571373013,405.5563586,295.2873712,54.62417548,29.97568313,Homepage,41.1020986,7.032941104,1543.359317,61.4430872,7803.839766,4.712194031,2.34970421,775.9517772,0.26133375,84.1601364,3720.9333,11.36610764,9.15724045,993.2514694
147,07/01/2020 03:00,January,1638.243818,Q1,Night,eco-friendly clothing,sustainable activewear,sustainable fashion for athletes,United States,Snapchat,Video,Desktop,8065.022348,1.62246821,111.451634,7110.355978,5.838794028,13.32773364,500.5272438,11.19558002,46.04842331,3.313710637,81.5270748,19.9132752,10.05316388,131.1476785,109.2305004,55.91449835,20.76158514,Homepage,8.634114172,6.867903044,506.2257602,73.08585274,5369.749952,7.632661091,3.802919431,289.1891645,0.561091487,405.719909,2979.994837,12.59157258,45.15685586,1030.610552
148,07/01/2020 04:00,January,1737.998312,Q1,Night,recycled fabric dresses,green fashion trends,sustainable fashion for athletes,Germany,Pinterest,Image gallery,Mobile,489.434019,31.29896372,2076.2799,24510.43474,6.602666778,33.01097297,805.8649592,53.69091754,50.06437982,1.786830969,80.51995992,33.19254176,12.53564388,33.26269316,336.6198815,41.75952873,22.79308021,Blog Post,42.30510435,1.589135026,1453.110469,61.940715,721.5710443,4.245155566,2.841694867,424.9398649,0.596832498,111.8495159,401.7495589,11.58227195,26.67138125,342.5101052
149,07/01/2020 05:00,January,1739.823521,Q1,Night,eco-friendly accessories,sustainable activewear,carbon-neutral activewear,United Kingdom,Facebook,Video,Desktop,6086.943322,21.97459789,2186.751461,3364.71813,6.564131875,34.71741145,649.4616281,58.13167445,39.77646436,7.511446656,71.64097015,-7.836724032,10.02258842,290.9850005,240.4402284,61.18766948,21.37826533,Homepage,69.06115598,3.537746025,1482.773221,70.15675922,6404.742329,5.299419913,2.429096011,110.9836891,0.526782493,63.44794509,2220.19386,0,53.24824225,759.1353888
150,07/01/2020 06:00,January,1744.228891,Q1,Morning,eco-friendly accessories,athleisure for eco-conscious consumers,where to buy recycled polyester running shorts,United States,TikTok,Image gallery,Laptop,1756.244463,33.3572239,451.1323434,41405.93351,8.429230094,11.17095361,281.9010441,65.86138943,15.69768708,5.341680456,76.2963317,8.785510994,7.040667769,385.6067922,232.7875457,44.17230903,39.98059259,Product Page,24.51684204,4.063698733,2713.070321,56.82935304,4242.424924,2.471630302,0.946222637,262.7972882,0.311045579,412.6008536,1833.900407,8.732136767,52.17555466,972.9049363
151,07/01/2020 07:00,January,1707.529102,Q1,Morning,organic cotton apparel,sustainable activewear,sustainable fashion for athletes,Australia,TikTok,Blog post,Desktop,3464.662402,43.2082219,387.9546998,42282.65212,6.564481361,9.393519756,528.0802185,70.21625219,23.15718107,6.236170976,48.66729908,5.357844616,3.6206443,172.7289967,111.5394021,36.06013949,8.482461034,Category Page,15.14926148,6.93578841,1047.733201,75.11206097,5882.768813,1.430480972,0.940208433,340.1015551,0.488005245,189.2078173,2957.202592,12.59225997,10.52284429,613.8100993
152,07/01/2020 08:00,January,1677.841164,Q1,Morning,recycled fabric dresses,green fashion trends,sustainable fashion for athletes,Australia,Instagram,Product page,Desktop,4199.212699,22.44995474,881.3411214,20636.73001,0.666484556,30.08317582,621.7112451,36.74550071,13.23618508,1.158576264,58.75474825,13.84584028,2.33496682,350.5816368,348.3326146,35.55502905,32.43388491,Product Page,10.08967787,7.320091639,715.5372021,51.94104867,1769.861737,7.921849631,4.288906061,778.2230156,0.653175026,87.5515751,3245.107317,16.56255154,47.30192924,113.9097168
153,07/01/2020 09:00,January,1738.410711,Q1,Morning,vegan leather handbags,eco-friendly hiking gear,eco-friendly clothing for hikers,United Kingdom,Snapchat,Blog post,Tablet,5248.28272,82.28626188,1859.655258,38827.09107,1.158906323,16.83403771,352.1974355,55.53691762,12.18775137,6.281882963,69.97171442,-3.076644491,5.818739836,134.8246511,398.3675652,62.01943701,28.74173854,Category Page,36.55176642,1.285340457,3396.645879,63.19886718,2323.598586,4.665184273,1.778360684,545.2860638,0.271604739,154.5095469,3939.73817,11.30000337,45.10109896,282.5007073
154,07/01/2020 10:00,January,1780.964001,Q1,Morning,vegan leather handbags,sustainable activewear,eco-friendly clothing for hikers,Mexico,Facebook,Infographic,Mobile,8652.846381,3.349097852,2078.286005,39833.83653,5.572391319,41.53831893,146.9922493,46.87988734,9.733426897,3.805878982,59.42683634,17.10093557,6.486758487,218.2721709,188.3092884,39.23749076,27.97094164,Homepage,63.81340712,8.007364072,2689.636337,46.22411962,5221.325258,3.963822283,1.335048195,481.47778,0.806907824,415.6330888,3957.306012,15.19191944,21.61046066,1214.104012
155,07/01/2020 11:00,January,1709.700854,Q1,Morning,eco-friendly clothing,eco-friendly sportswear,biodegradable outdoor clothing,Mexico,Facebook,Infographic,Mobile,1809.692532,48.73064057,2306.020222,37110.89722,7.716060868,32.38952558,320.3510437,12.49458469,40.66316684,1.666944265,45.99478046,-3.579998859,11.37212412,408.8789648,316.4922565,43.3187955,24.65072976,Product Page,69.75861347,0.91825772,2847.24147,76.19092331,4840.483859,5.7699835,3.344529496,717.2748918,0.132967167,171.2551303,1094.458767,3.35934675,8.629546958,245.3674896
156,07/01/2020 12:00,January,1719.371361,Q1,Afternoon,recycled fabric dresses,sustainable activewear,eco-friendly clothing for hikers,Mexico,TikTok,Blog post,Desktop,4714.549928,36.28510429,1659.460545,4240.238352,6.564029143,10.21786954,116.8400299,36.68911114,26.87928865,5.920067557,76.85749433,-5.796380235,6.876208147,348.2593252,408.059774,36.65289459,21.2021618,Blog Post,29.43466325,6.149190283,2554.490612,46.45500971,8244.639993,1.63439589,0.982718764,859.3278524,0.098211807,127.3714483,3365.150611,4.191452136,10.54501851,1246.8359
157,07/01/2020 13:00,January,1660.237351,Q1,Afternoon,eco-friendly clothing,green fashion trends,biodegradable outdoor clothing,United States,TikTok,Video,Laptop,7916.184864,36.80357934,2021.379995,23100.32218,3.557091679,28.82993568,806.6460565,28.23429879,29.88725455,1.684765225,71.73703966,11.1863259,12.14384325,180.8323333,133.4345853,51.58463822,19.01912743,Homepage,75.30675446,4.166363358,3253.206336,42.53266688,4491.928034,4.335714933,2.082221203,210.729055,0.761588064,264.9164166,641.5004326,0.815526673,16.62775262,648.2896245
